GROUP,PACKAGE,CLASS,INSTRUCTION_MISSED,INSTRUCTION_COVERED,BRANCH_MISSED,BRANCH_COVERED,LINE_MISSED,LINE_COVERED,COMPLEXITY_MISSED,COMPLEXITY_COVERED,METHOD_MISSED,METHOD_COVERED
"commons-lang3-code-coverage (Apr 4, 2019 12:18:11 AM)/commons-lang3/src/main/java",org.apache.commons.lang3.text.translate,UnicodeUnpairedSurrogateRemover,0,13,0,4,0,4,0,4,0,2
"commons-lang3-code-coverage (Apr 4, 2019 12:18:11 AM)/commons-lang3/src/main/java",org.apache.commons.lang3.text.translate,CodePointTranslator,0,18,0,2,0,4,0,3,0,2
"commons-lang3-code-coverage (Apr 4, 2019 12:18:11 AM)/commons-lang3/src/main/java",org.apache.commons.lang3.text.translate,NumericEntityUnescaper,2,203,5,43,0,42,5,22,0,3
"commons-lang3-code-coverage (Apr 4, 2019 12:18:11 AM)/commons-lang3/src/main/java",org.apache.commons.lang3.text.translate,UnicodeEscaper,15,105,0,12,3,23,2,12,2,6
"commons-lang3-code-coverage (Apr 4, 2019 12:18:11 AM)/commons-lang3/src/main/java",org.apache.commons.lang3.text.translate,JavaUnicodeEscaper,15,34,0,0,3,5,3,3,3,3
"commons-lang3-code-coverage (Apr 4, 2019 12:18:11 AM)/commons-lang3/src/main/java",org.apache.commons.lang3.text.translate,CharSequenceTranslator,6,185,2,16,2,33,2,13,0,6
"commons-lang3-code-coverage (Apr 4, 2019 12:18:11 AM)/commons-lang3/src/main/java",org.apache.commons.lang3.text.translate,OctalUnescaper,2,114,4,20,0,17,4,12,0,4
"commons-lang3-code-coverage (Apr 4, 2019 12:18:11 AM)/commons-lang3/src/main/java",org.apache.commons.lang3.text.translate,AggregateTranslator,0,37,0,4,0,8,0,4,0,2
"commons-lang3-code-coverage (Apr 4, 2019 12:18:11 AM)/commons-lang3/src/main/java",org.apache.commons.lang3.text.translate,UnicodeUnescaper,0,117,2,14,0,17,2,8,0,2
"commons-lang3-code-coverage (Apr 4, 2019 12:18:11 AM)/commons-lang3/src/main/java",org.apache.commons.lang3.text.translate,LookupTranslator,0,132,1,15,0,28,1,9,0,2
"commons-lang3-code-coverage (Apr 4, 2019 12:18:11 AM)/commons-lang3/src/main/java",org.apache.commons.lang3.text.translate,NumericEntityUnescaper.OPTION,0,34,0,0,0,1,0,1,0,1
"commons-lang3-code-coverage (Apr 4, 2019 12:18:11 AM)/commons-lang3/src/main/java",org.apache.commons.lang3.text.translate,NumericEntityEscaper,0,76,0,10,0,20,0,12,0,7
"commons-lang3-code-coverage (Apr 4, 2019 12:18:11 AM)/commons-lang3/src/main/java",org.apache.commons.lang3.text.translate,EntityArrays,0,3463,0,2,0,284,0,14,0,13
"commons-lang3-code-coverage (Apr 4, 2019 12:18:11 AM)/commons-lang3/src/main/java",org.apache.commons.lang3,StringUtils,22,6550,26,1425,6,1612,27,919,1,219
"commons-lang3-code-coverage (Apr 4, 2019 12:18:11 AM)/commons-lang3/src/main/java",org.apache.commons.lang3,ThreadUtils,0,298,5,41,0,68,5,34,0,16
"commons-lang3-code-coverage (Apr 4, 2019 12:18:11 AM)/commons-lang3/src/main/java",org.apache.commons.lang3,LocaleUtils.SyncAvoid,3,16,0,0,1,4,1,1,1,1
"commons-lang3-code-coverage (Apr 4, 2019 12:18:11 AM)/commons-lang3/src/main/java",org.apache.commons.lang3,Validate,22,807,17,107,6,144,17,96,2,49
"commons-lang3-code-coverage (Apr 4, 2019 12:18:11 AM)/commons-lang3/src/main/java",org.apache.commons.lang3,BitField,0,139,0,12,0,21,0,24,0,18
"commons-lang3-code-coverage (Apr 4, 2019 12:18:11 AM)/commons-lang3/src/main/java",org.apache.commons.lang3,StringEscapeUtils.CsvEscaper,5,64,1,3,1,12,1,4,0,3
"commons-lang3-code-coverage (Apr 4, 2019 12:18:11 AM)/commons-lang3/src/main/java",org.apache.commons.lang3,NotImplementedException,0,41,0,0,0,16,0,7,0,7
"commons-lang3-code-coverage (Apr 4, 2019 12:18:11 AM)/commons-lang3/src/main/java",org.apache.commons.lang3,AnnotationUtils.new ToStringStyle() {...},6,77,4,4,1,23,4,3,0,3
"commons-lang3-code-coverage (Apr 4, 2019 12:18:11 AM)/commons-lang3/src/main/java",org.apache.commons.lang3,SerializationUtils,23,135,1,13,5,44,1,13,0,7
"commons-lang3-code-coverage (Apr 4, 2019 12:18:11 AM)/commons-lang3/src/main/java",org.apache.commons.lang3,RandomStringUtils,13,311,2,54,5,69,3,46,1,20
"commons-lang3-code-coverage (Apr 4, 2019 12:18:11 AM)/commons-lang3/src/main/java",org.apache.commons.lang3,AnnotationUtils,48,455,9,83,18,94,10,47,1,10
"commons-lang3-code-coverage (Apr 4, 2019 12:18:11 AM)/commons-lang3/src/main/java",org.apache.commons.lang3,Range,23,400,6,72,2,85,6,57,0,24
"commons-lang3-code-coverage (Apr 4, 2019 12:18:11 AM)/commons-lang3/src/main/java",org.apache.commons.lang3,CharRange.CharacterIterator,4,126,0,18,1,35,1,13,1,4
"commons-lang3-code-coverage (Apr 4, 2019 12:18:11 AM)/commons-lang3/src/main/java",org.apache.commons.lang3,Conversion,193,2486,84,376,32,433,75,229,1,43
"commons-lang3-code-coverage (Apr 4, 2019 12:18:11 AM)/commons-lang3/src/main/java",org.apache.commons.lang3,StringEscapeUtils,8,1083,0,0,2,144,2,16,2,16
"commons-lang3-code-coverage (Apr 4, 2019 12:18:11 AM)/commons-lang3/src/main/java",org.apache.commons.lang3,BooleanUtils,0,800,9,245,0,205,9,161,0,41
"commons-lang3-code-coverage (Apr 4, 2019 12:18:11 AM)/commons-lang3/src/main/java",org.apache.commons.lang3,ClassUtils.new Iterable() {...},0,18,0,0,0,4,0,2,0,2
"commons-lang3-code-coverage (Apr 4, 2019 12:18:11 AM)/commons-lang3/src/main/java",org.apache.commons.lang3,StringEscapeUtils.CsvUnescaper,5,88,2,6,1,14,2,5,0,3
"commons-lang3-code-coverage (Apr 4, 2019 12:18:11 AM)/commons-lang3/src/main/java",org.apache.commons.lang3,EnumUtils,0,362,1,25,0,64,1,25,0,13
"commons-lang3-code-coverage (Apr 4, 2019 12:18:11 AM)/commons-lang3/src/main/java",org.apache.commons.lang3,CharEncoding,0,13,0,2,0,6,0,3,0,2
"commons-lang3-code-coverage (Apr 4, 2019 12:18:11 AM)/commons-lang3/src/main/java",org.apache.commons.lang3,SystemUtils,19,447,14,30,4,126,14,24,0,16
"commons-lang3-code-coverage (Apr 4, 2019 12:18:11 AM)/commons-lang3/src/main/java",org.apache.commons.lang3,SerializationException,0,16,0,0,0,8,0,4,0,4
"commons-lang3-code-coverage (Apr 4, 2019 12:18:11 AM)/commons-lang3/src/main/java",org.apache.commons.lang3,LocaleUtils,12,474,13,73,0,92,11,43,0,10
"commons-lang3-code-coverage (Apr 4, 2019 12:18:11 AM)/commons-lang3/src/main/java",org.apache.commons.lang3,ClassUtils,39,1324,13,235,11,328,14,154,1,43
"commons-lang3-code-coverage (Apr 4, 2019 12:18:11 AM)/commons-lang3/src/main/java",org.apache.commons.lang3,ClassPathUtils,0,120,0,0,0,14,0,5,0,5
"commons-lang3-code-coverage (Apr 4, 2019 12:18:11 AM)/commons-lang3/src/main/java",org.apache.commons.lang3,CharSequenceUtils,37,172,13,35,11,43,11,21,0,8
"commons-lang3-code-coverage (Apr 4, 2019 12:18:11 AM)/commons-lang3/src/main/java",org.apache.commons.lang3,ArrayUtils,316,7050,173,1217,123,1767,150,836,6,285
"commons-lang3-code-coverage (Apr 4, 2019 12:18:11 AM)/commons-lang3/src/main/java",org.apache.commons.lang3,SerializationUtils.ClassLoaderAwareObjectInputStream,8,77,1,1,2,22,1,3,0,3
"commons-lang3-code-coverage (Apr 4, 2019 12:18:11 AM)/commons-lang3/src/main/java",org.apache.commons.lang3,ThreadUtils.NamePredicate,0,37,2,8,0,7,2,6,0,3
"commons-lang3-code-coverage (Apr 4, 2019 12:18:11 AM)/commons-lang3/src/main/java",org.apache.commons.lang3,CharSet,0,300,0,34,0,59,0,26,0,9
"commons-lang3-code-coverage (Apr 4, 2019 12:18:11 AM)/commons-lang3/src/main/java",org.apache.commons.lang3,ObjectUtils.Null,0,5,0,0,0,3,0,2,0,2
"commons-lang3-code-coverage (Apr 4, 2019 12:18:11 AM)/commons-lang3/src/main/java",org.apache.commons.lang3,ArrayUtils.new Comparator() {...},0,7,0,0,0,3,0,2,0,2
"commons-lang3-code-coverage (Apr 4, 2019 12:18:11 AM)/commons-lang3/src/main/java",org.apache.commons.lang3,CharRange,0,238,1,47,0,44,1,37,0,14
"commons-lang3-code-coverage (Apr 4, 2019 12:18:11 AM)/commons-lang3/src/main/java",org.apache.commons.lang3,ClassUtils.new Iterable() {...},0,21,0,0,0,5,0,2,0,2
"commons-lang3-code-coverage (Apr 4, 2019 12:18:11 AM)/commons-lang3/src/main/java",org.apache.commons.lang3,CharUtils,0,355,0,56,0,60,0,53,0,25
"commons-lang3-code-coverage (Apr 4, 2019 12:18:11 AM)/commons-lang3/src/main/java",org.apache.commons.lang3,ThreadUtils.AlwaysTruePredicate,0,4,0,0,0,2,0,2,0,2
"commons-lang3-code-coverage (Apr 4, 2019 12:18:11 AM)/commons-lang3/src/main/java",org.apache.commons.lang3,RandomUtils,6,179,0,26,3,33,2,23,2,10
"commons-lang3-code-coverage (Apr 4, 2019 12:18:11 AM)/commons-lang3/src/main/java",org.apache.commons.lang3,JavaVersion,12,318,6,28,5,67,6,19,0,8
"commons-lang3-code-coverage (Apr 4, 2019 12:18:11 AM)/commons-lang3/src/main/java",org.apache.commons.lang3,ObjectUtils,31,618,1,95,6,149,1,84,0,37
"commons-lang3-code-coverage (Apr 4, 2019 12:18:11 AM)/commons-lang3/src/main/java",org.apache.commons.lang3,ThreadUtils.ThreadIdPredicate,0,27,1,5,0,6,1,4,0,2
"commons-lang3-code-coverage (Apr 4, 2019 12:18:11 AM)/commons-lang3/src/main/java",org.apache.commons.lang3,CharSetUtils,0,253,1,53,0,62,1,34,0,8
"commons-lang3-code-coverage (Apr 4, 2019 12:18:11 AM)/commons-lang3/src/main/java",org.apache.commons.lang3,ClassUtils.Interfaces,0,24,0,0,0,2,0,1,0,1
"commons-lang3-code-coverage (Apr 4, 2019 12:18:11 AM)/commons-lang3/src/main/java",org.apache.commons.lang3,Range.ComparableComparator,0,19,0,0,0,3,0,2,0,2
"commons-lang3-code-coverage (Apr 4, 2019 12:18:11 AM)/commons-lang3/src/main/java",org.apache.commons.lang3.reflect,TypeUtils.WildcardTypeImpl,20,47,2,4,5,9,3,7,1,6
"commons-lang3-code-coverage (Apr 4, 2019 12:18:11 AM)/commons-lang3/src/main/java",org.apache.commons.lang3.reflect,InheritanceUtils,0,42,0,10,0,12,0,7,0,2
"commons-lang3-code-coverage (Apr 4, 2019 12:18:11 AM)/commons-lang3/src/main/java",org.apache.commons.lang3.reflect,ConstructorUtils,15,185,3,21,4,50,4,17,1,8
"commons-lang3-code-coverage (Apr 4, 2019 12:18:11 AM)/commons-lang3/src/main/java",org.apache.commons.lang3.reflect,TypeUtils.WildcardTypeBuilder,0,19,0,0,0,5,0,3,0,3
"commons-lang3-code-coverage (Apr 4, 2019 12:18:11 AM)/commons-lang3/src/main/java",org.apache.commons.lang3.reflect,TypeUtils.GenericArrayTypeImpl,25,12,6,0,4,5,5,3,2,3
"commons-lang3-code-coverage (Apr 4, 2019 12:18:11 AM)/commons-lang3/src/main/java",org.apache.commons.lang3.reflect,MethodUtils,45,797,15,89,13,197,13,65,0,26
"commons-lang3-code-coverage (Apr 4, 2019 12:18:11 AM)/commons-lang3/src/main/java",org.apache.commons.lang3.reflect,MemberUtils,25,398,10,66,6,72,11,41,1,13
"commons-lang3-code-coverage (Apr 4, 2019 12:18:11 AM)/commons-lang3/src/main/java",org.apache.commons.lang3.reflect,TypeUtils.ParameterizedTypeImpl,32,41,3,3,7,10,4,6,1,6
"commons-lang3-code-coverage (Apr 4, 2019 12:18:11 AM)/commons-lang3/src/main/java",org.apache.commons.lang3.reflect,TypeUtils,806,1501,173,237,161,335,130,129,8,46
"commons-lang3-code-coverage (Apr 4, 2019 12:18:11 AM)/commons-lang3/src/main/java",org.apache.commons.lang3.reflect,TypeUtils.new Typed() {...},0,9,0,0,0,3,0,2,0,2
"commons-lang3-code-coverage (Apr 4, 2019 12:18:11 AM)/commons-lang3/src/main/java",org.apache.commons.lang3.reflect,MemberUtils.Executable,0,38,0,0,0,12,0,6,0,6
"commons-lang3-code-coverage (Apr 4, 2019 12:18:11 AM)/commons-lang3/src/main/java",org.apache.commons.lang3.reflect,FieldUtils,13,719,8,74,3,141,9,67,1,34
"commons-lang3-code-coverage (Apr 4, 2019 12:18:11 AM)/commons-lang3/src/main/java",org.apache.commons.lang3.reflect,TypeLiteral,13,68,2,2,4,12,4,4,2,4
"commons-lang3-code-coverage (Apr 4, 2019 12:18:11 AM)/commons-lang3/src/main/java",org.apache.commons.lang3.event,EventListenerSupport,5,198,1,5,1,48,1,17,0,15
"commons-lang3-code-coverage (Apr 4, 2019 12:18:11 AM)/commons-lang3/src/main/java",org.apache.commons.lang3.event,EventListenerSupport.ProxyInvocationHandler,0,26,0,2,0,4,0,3,0,2
"commons-lang3-code-coverage (Apr 4, 2019 12:18:11 AM)/commons-lang3/src/main/java",org.apache.commons.lang3.event,EventUtils.EventBindingInvocationHandler,0,58,0,8,0,11,0,7,0,3
"commons-lang3-code-coverage (Apr 4, 2019 12:18:11 AM)/commons-lang3/src/main/java",org.apache.commons.lang3.event,EventUtils,26,80,0,0,4,13,0,3,0,3
"commons-lang3-code-coverage (Apr 4, 2019 12:18:11 AM)/commons-lang3/src/main/java",org.apache.commons.lang3.math,Fraction,32,1271,16,180,6,269,14,119,0,35
"commons-lang3-code-coverage (Apr 4, 2019 12:18:11 AM)/commons-lang3/src/main/java",org.apache.commons.lang3.math,NumberUtils,39,1672,41,363,8,420,35,226,1,57
"commons-lang3-code-coverage (Apr 4, 2019 12:18:11 AM)/commons-lang3/src/main/java",org.apache.commons.lang3.math,IEEE754rUtils,0,231,0,40,0,53,0,33,0,13
"commons-lang3-code-coverage (Apr 4, 2019 12:18:11 AM)/commons-lang3/src/main/java",org.apache.commons.lang3.concurrent,ThresholdCircuitBreaker,0,48,0,4,0,15,0,7,0,5
"commons-lang3-code-coverage (Apr 4, 2019 12:18:11 AM)/commons-lang3/src/main/java",org.apache.commons.lang3.concurrent,CallableBackgroundInitializer,0,31,0,2,0,12,0,5,0,4
"commons-lang3-code-coverage (Apr 4, 2019 12:18:11 AM)/commons-lang3/src/main/java",org.apache.commons.lang3.concurrent,TimedSemaphore.new Runnable() {...},0,10,0,0,0,4,0,2,0,2
"commons-lang3-code-coverage (Apr 4, 2019 12:18:11 AM)/commons-lang3/src/main/java",org.apache.commons.lang3.concurrent,LazyInitializer,0,28,1,3,0,8,1,3,0,2
"commons-lang3-code-coverage (Apr 4, 2019 12:18:11 AM)/commons-lang3/src/main/java",org.apache.commons.lang3.concurrent,MultiBackgroundInitializer,0,159,0,14,0,37,0,12,0,5
"commons-lang3-code-coverage (Apr 4, 2019 12:18:11 AM)/commons-lang3/src/main/java",org.apache.commons.lang3.concurrent,ConcurrentUtils.ConstantFuture,0,18,0,0,0,8,0,6,0,6
"commons-lang3-code-coverage (Apr 4, 2019 12:18:11 AM)/commons-lang3/src/main/java",org.apache.commons.lang3.concurrent,BackgroundInitializer.InitializationTask,0,21,0,2,0,6,0,3,0,2
"commons-lang3-code-coverage (Apr 4, 2019 12:18:11 AM)/commons-lang3/src/main/java",org.apache.commons.lang3.concurrent,EventCountCircuitBreaker.StateStrategy,0,13,0,2,0,1,0,2,0,1
"commons-lang3-code-coverage (Apr 4, 2019 12:18:11 AM)/commons-lang3/src/main/java",org.apache.commons.lang3.concurrent,ConcurrentRuntimeException,3,11,0,0,2,4,1,2,1,2
"commons-lang3-code-coverage (Apr 4, 2019 12:18:11 AM)/commons-lang3/src/main/java",org.apache.commons.lang3.concurrent,BackgroundInitializer,4,102,0,10,2,33,0,17,0,12
"commons-lang3-code-coverage (Apr 4, 2019 12:18:11 AM)/commons-lang3/src/main/java",org.apache.commons.lang3.concurrent,BasicThreadFactory,0,107,0,10,0,30,0,14,0,9
"commons-lang3-code-coverage (Apr 4, 2019 12:18:11 AM)/commons-lang3/src/main/java",org.apache.commons.lang3.concurrent,TimedSemaphore,0,207,0,22,0,62,0,30,0,19
"commons-lang3-code-coverage (Apr 4, 2019 12:18:11 AM)/commons-lang3/src/main/java",org.apache.commons.lang3.concurrent,ConcurrentUtils,0,159,0,34,0,42,0,29,0,12
"commons-lang3-code-coverage (Apr 4, 2019 12:18:11 AM)/commons-lang3/src/main/java",org.apache.commons.lang3.concurrent,AtomicSafeInitializer,0,33,0,4,0,8,0,4,0,2
"commons-lang3-code-coverage (Apr 4, 2019 12:18:11 AM)/commons-lang3/src/main/java",org.apache.commons.lang3.concurrent,EventCountCircuitBreaker.StateStrategyClosed,0,16,0,2,0,3,0,4,0,3
"commons-lang3-code-coverage (Apr 4, 2019 12:18:11 AM)/commons-lang3/src/main/java",org.apache.commons.lang3.concurrent,CircuitBreakingException,16,0,0,0,8,0,4,0,4,0
"commons-lang3-code-coverage (Apr 4, 2019 12:18:11 AM)/commons-lang3/src/main/java",org.apache.commons.lang3.concurrent,BasicThreadFactory.Builder,0,77,0,6,0,29,0,11,0,8
"commons-lang3-code-coverage (Apr 4, 2019 12:18:11 AM)/commons-lang3/src/main/java",org.apache.commons.lang3.concurrent,MultiBackgroundInitializer.MultiBackgroundInitializerResults,0,74,0,2,0,19,0,9,0,8
"commons-lang3-code-coverage (Apr 4, 2019 12:18:11 AM)/commons-lang3/src/main/java",org.apache.commons.lang3.concurrent,AbstractCircuitBreaker,0,73,0,8,0,18,0,13,0,9
"commons-lang3-code-coverage (Apr 4, 2019 12:18:11 AM)/commons-lang3/src/main/java",org.apache.commons.lang3.concurrent,EventCountCircuitBreaker.CheckIntervalData,0,29,0,2,0,8,0,5,0,4
"commons-lang3-code-coverage (Apr 4, 2019 12:18:11 AM)/commons-lang3/src/main/java",org.apache.commons.lang3.concurrent,ConcurrentException,3,11,0,0,2,4,1,2,1,2
"commons-lang3-code-coverage (Apr 4, 2019 12:18:11 AM)/commons-lang3/src/main/java",org.apache.commons.lang3.concurrent,AbstractCircuitBreaker.State,0,24,0,0,0,3,0,1,0,1
"commons-lang3-code-coverage (Apr 4, 2019 12:18:11 AM)/commons-lang3/src/main/java",org.apache.commons.lang3.concurrent,ConstantInitializer,0,57,0,6,0,14,0,9,0,6
"commons-lang3-code-coverage (Apr 4, 2019 12:18:11 AM)/commons-lang3/src/main/java",org.apache.commons.lang3.concurrent,EventCountCircuitBreaker,2,218,2,10,0,52,2,24,0,20
"commons-lang3-code-coverage (Apr 4, 2019 12:18:11 AM)/commons-lang3/src/main/java",org.apache.commons.lang3.concurrent,EventCountCircuitBreaker.StateStrategyOpen,0,22,0,4,0,5,0,5,0,3
"commons-lang3-code-coverage (Apr 4, 2019 12:18:11 AM)/commons-lang3/src/main/java",org.apache.commons.lang3.concurrent,AtomicInitializer,4,25,1,3,1,7,1,3,0,2
"commons-lang3-code-coverage (Apr 4, 2019 12:18:11 AM)/commons-lang3/src/main/java",org.apache.commons.lang3.tuple,ImmutablePair,4,21,0,0,1,7,1,4,1,4
"commons-lang3-code-coverage (Apr 4, 2019 12:18:11 AM)/commons-lang3/src/main/java",org.apache.commons.lang3.tuple,MutablePair,0,40,0,0,0,16,0,8,0,8
"commons-lang3-code-coverage (Apr 4, 2019 12:18:11 AM)/commons-lang3/src/main/java",org.apache.commons.lang3.tuple,ImmutableTriple,0,28,0,0,0,9,0,5,0,5
"commons-lang3-code-coverage (Apr 4, 2019 12:18:11 AM)/commons-lang3/src/main/java",org.apache.commons.lang3.tuple,Pair,2,107,1,11,0,17,1,14,0,9
"commons-lang3-code-coverage (Apr 4, 2019 12:18:11 AM)/commons-lang3/src/main/java",org.apache.commons.lang3.tuple,MutableTriple,0,43,0,0,0,17,0,9,0,9
"commons-lang3-code-coverage (Apr 4, 2019 12:18:11 AM)/commons-lang3/src/main/java",org.apache.commons.lang3.tuple,Triple,4,129,2,14,0,18,2,13,0,7
"commons-lang3-code-coverage (Apr 4, 2019 12:18:11 AM)/commons-lang3/src/main/java",org.apache.commons.lang3.exception,CloneFailedException,8,5,0,0,4,2,2,1,2,1
"commons-lang3-code-coverage (Apr 4, 2019 12:18:11 AM)/commons-lang3/src/main/java",org.apache.commons.lang3.exception,ContextedException,0,97,0,2,0,28,0,15,0,14
"commons-lang3-code-coverage (Apr 4, 2019 12:18:11 AM)/commons-lang3/src/main/java",org.apache.commons.lang3.exception,ExceptionUtils,49,602,6,88,15,151,8,69,4,26
"commons-lang3-code-coverage (Apr 4, 2019 12:18:11 AM)/commons-lang3/src/main/java",org.apache.commons.lang3.exception,DefaultExceptionContext,0,227,0,24,0,49,0,20,0,8
"commons-lang3-code-coverage (Apr 4, 2019 12:18:11 AM)/commons-lang3/src/main/java",org.apache.commons.lang3.exception,ContextedRuntimeException,0,97,0,2,0,28,0,15,0,14
"commons-lang3-code-coverage (Apr 4, 2019 12:18:11 AM)/commons-lang3/src/main/java",org.apache.commons.lang3.mutable,MutableDouble,0,226,0,4,0,61,0,34,0,32
"commons-lang3-code-coverage (Apr 4, 2019 12:18:11 AM)/commons-lang3/src/main/java",org.apache.commons.lang3.mutable,MutableBoolean,0,88,0,8,0,27,0,20,0,16
"commons-lang3-code-coverage (Apr 4, 2019 12:18:11 AM)/commons-lang3/src/main/java",org.apache.commons.lang3.mutable,MutableObject,0,59,0,10,0,18,0,12,0,7
"commons-lang3-code-coverage (Apr 4, 2019 12:18:11 AM)/commons-lang3/src/main/java",org.apache.commons.lang3.mutable,MutableInt,0,209,0,4,0,59,0,32,0,30
"commons-lang3-code-coverage (Apr 4, 2019 12:18:11 AM)/commons-lang3/src/main/java",org.apache.commons.lang3.mutable,MutableLong,0,216,0,4,0,59,0,32,0,30
"commons-lang3-code-coverage (Apr 4, 2019 12:18:11 AM)/commons-lang3/src/main/java",org.apache.commons.lang3.mutable,MutableFloat,0,218,0,4,0,60,0,34,0,32
"commons-lang3-code-coverage (Apr 4, 2019 12:18:11 AM)/commons-lang3/src/main/java",org.apache.commons.lang3.mutable,MutableShort,0,226,0,4,0,60,0,33,0,31
"commons-lang3-code-coverage (Apr 4, 2019 12:18:11 AM)/commons-lang3/src/main/java",org.apache.commons.lang3.mutable,MutableByte,0,226,0,4,0,60,0,33,0,31
"commons-lang3-code-coverage (Apr 4, 2019 12:18:11 AM)/commons-lang3/src/main/java",org.apache.commons.lang3.builder,DiffBuilder.new Diff() {...},0,21,0,0,0,4,0,3,0,3
"commons-lang3-code-coverage (Apr 4, 2019 12:18:11 AM)/commons-lang3/src/main/java",org.apache.commons.lang3.builder,EqualsBuilder,49,971,38,196,20,247,39,114,1,35
"commons-lang3-code-coverage (Apr 4, 2019 12:18:11 AM)/commons-lang3/src/main/java",org.apache.commons.lang3.builder,ToStringStyle.ShortPrefixToStringStyle,2,9,0,0,1,4,1,1,1,1
"commons-lang3-code-coverage (Apr 4, 2019 12:18:11 AM)/commons-lang3/src/main/java",org.apache.commons.lang3.builder,DiffBuilder.new Diff() {...},0,19,0,0,0,4,0,3,0,3
"commons-lang3-code-coverage (Apr 4, 2019 12:18:11 AM)/commons-lang3/src/main/java",org.apache.commons.lang3.builder,ToStringStyle,182,1550,26,192,42,471,42,180,16,97
"commons-lang3-code-coverage (Apr 4, 2019 12:18:11 AM)/commons-lang3/src/main/java",org.apache.commons.lang3.builder,RecursiveToStringStyle,0,47,1,5,0,14,1,6,0,4
"commons-lang3-code-coverage (Apr 4, 2019 12:18:11 AM)/commons-lang3/src/main/java",org.apache.commons.lang3.builder,ReflectionToStringBuilder,52,330,2,42,7,82,6,43,4,23
"commons-lang3-code-coverage (Apr 4, 2019 12:18:11 AM)/commons-lang3/src/main/java",org.apache.commons.lang3.builder,DiffBuilder.new Diff() {...},0,21,0,0,0,4,0,3,0,3
"commons-lang3-code-coverage (Apr 4, 2019 12:18:11 AM)/commons-lang3/src/main/java",org.apache.commons.lang3.builder,ToStringStyle.MultiLineToStringStyle,2,29,0,0,1,6,1,1,1,1
"commons-lang3-code-coverage (Apr 4, 2019 12:18:11 AM)/commons-lang3/src/main/java",org.apache.commons.lang3.builder,DiffBuilder.new Diff() {...},0,21,0,0,0,4,0,3,0,3
"commons-lang3-code-coverage (Apr 4, 2019 12:18:11 AM)/commons-lang3/src/main/java",org.apache.commons.lang3.builder,DiffBuilder.new Diff() {...},0,21,0,0,0,4,0,3,0,3
"commons-lang3-code-coverage (Apr 4, 2019 12:18:11 AM)/commons-lang3/src/main/java",org.apache.commons.lang3.builder,DiffBuilder.new Diff() {...},0,21,0,0,0,4,0,3,0,3
"commons-lang3-code-coverage (Apr 4, 2019 12:18:11 AM)/commons-lang3/src/main/java",org.apache.commons.lang3.builder,ToStringStyle.JsonToStringStyle,207,192,42,22,70,56,33,17,8,10
"commons-lang3-code-coverage (Apr 4, 2019 12:18:11 AM)/commons-lang3/src/main/java",org.apache.commons.lang3.builder,DiffBuilder.new Diff() {...},0,21,0,0,0,4,0,3,0,3
"commons-lang3-code-coverage (Apr 4, 2019 12:18:11 AM)/commons-lang3/src/main/java",org.apache.commons.lang3.builder,CompareToBuilder,55,989,30,210,21,239,32,119,2,29
"commons-lang3-code-coverage (Apr 4, 2019 12:18:11 AM)/commons-lang3/src/main/java",org.apache.commons.lang3.builder,DiffBuilder,104,647,22,128,22,153,22,75,0,22
"commons-lang3-code-coverage (Apr 4, 2019 12:18:11 AM)/commons-lang3/src/main/java",org.apache.commons.lang3.builder,ToStringBuilder,195,394,1,11,38,95,20,50,19,45
"commons-lang3-code-coverage (Apr 4, 2019 12:18:11 AM)/commons-lang3/src/main/java",org.apache.commons.lang3.builder,IDKey,6,31,3,3,2,9,3,3,0,3
"commons-lang3-code-coverage (Apr 4, 2019 12:18:11 AM)/commons-lang3/src/main/java",org.apache.commons.lang3.builder,DiffResult,0,127,0,12,0,32,0,13,0,7
"commons-lang3-code-coverage (Apr 4, 2019 12:18:11 AM)/commons-lang3/src/main/java",org.apache.commons.lang3.builder,StandardToStringStyle,97,46,0,0,39,23,29,12,29,12
"commons-lang3-code-coverage (Apr 4, 2019 12:18:11 AM)/commons-lang3/src/main/java",org.apache.commons.lang3.builder,ToStringStyle.DefaultToStringStyle,2,3,0,0,1,2,1,1,1,1
"commons-lang3-code-coverage (Apr 4, 2019 12:18:11 AM)/commons-lang3/src/main/java",org.apache.commons.lang3.builder,ToStringStyle.NoClassNameToStringStyle,2,9,0,0,1,4,1,1,1,1
"commons-lang3-code-coverage (Apr 4, 2019 12:18:11 AM)/commons-lang3/src/main/java",org.apache.commons.lang3.builder,DiffBuilder.new Diff() {...},0,21,0,0,0,4,0,3,0,3
"commons-lang3-code-coverage (Apr 4, 2019 12:18:11 AM)/commons-lang3/src/main/java",org.apache.commons.lang3.builder,DiffBuilder.new Diff() {...},0,21,0,0,0,4,0,3,0,3
"commons-lang3-code-coverage (Apr 4, 2019 12:18:11 AM)/commons-lang3/src/main/java",org.apache.commons.lang3.builder,DiffBuilder.new Diff() {...},0,21,0,0,0,4,0,3,0,3
"commons-lang3-code-coverage (Apr 4, 2019 12:18:11 AM)/commons-lang3/src/main/java",org.apache.commons.lang3.builder,DiffBuilder.new Diff() {...},0,19,0,0,0,4,0,3,0,3
"commons-lang3-code-coverage (Apr 4, 2019 12:18:11 AM)/commons-lang3/src/main/java",org.apache.commons.lang3.builder,DiffBuilder.new Diff() {...},0,21,0,0,0,4,0,3,0,3
"commons-lang3-code-coverage (Apr 4, 2019 12:18:11 AM)/commons-lang3/src/main/java",org.apache.commons.lang3.builder,DiffBuilder.new Diff() {...},0,21,0,0,0,4,0,3,0,3
"commons-lang3-code-coverage (Apr 4, 2019 12:18:11 AM)/commons-lang3/src/main/java",org.apache.commons.lang3.builder,DiffBuilder.new Diff() {...},0,21,0,0,0,4,0,3,0,3
"commons-lang3-code-coverage (Apr 4, 2019 12:18:11 AM)/commons-lang3/src/main/java",org.apache.commons.lang3.builder,ToStringStyle.SimpleToStringStyle,2,18,0,0,1,7,1,1,1,1
"commons-lang3-code-coverage (Apr 4, 2019 12:18:11 AM)/commons-lang3/src/main/java",org.apache.commons.lang3.builder,ToStringStyle.NoFieldNameToStringStyle,2,6,0,0,1,3,1,1,1,1
"commons-lang3-code-coverage (Apr 4, 2019 12:18:11 AM)/commons-lang3/src/main/java",org.apache.commons.lang3.builder,DiffBuilder.new Diff() {...},0,21,0,0,0,4,0,3,0,3
"commons-lang3-code-coverage (Apr 4, 2019 12:18:11 AM)/commons-lang3/src/main/java",org.apache.commons.lang3.builder,DiffBuilder.new Diff() {...},0,21,0,0,0,4,0,3,0,3
"commons-lang3-code-coverage (Apr 4, 2019 12:18:11 AM)/commons-lang3/src/main/java",org.apache.commons.lang3.builder,Diff,0,52,0,0,0,10,0,5,0,5
"commons-lang3-code-coverage (Apr 4, 2019 12:18:11 AM)/commons-lang3/src/main/java",org.apache.commons.lang3.builder,HashCodeBuilder,29,738,2,92,4,158,5,79,3,34
"commons-lang3-code-coverage (Apr 4, 2019 12:18:11 AM)/commons-lang3/src/main/java",org.apache.commons.lang3.builder,DiffBuilder.new Diff() {...},0,21,0,0,0,4,0,3,0,3
"commons-lang3-code-coverage (Apr 4, 2019 12:18:11 AM)/commons-lang3/src/main/java",org.apache.commons.lang3.builder,MultilineRecursiveToStringStyle,96,310,1,7,24,62,5,13,4,10
"commons-lang3-code-coverage (Apr 4, 2019 12:18:11 AM)/commons-lang3/src/main/java",org.apache.commons.lang3.builder,DiffBuilder.new Diff() {...},0,21,0,0,0,4,0,3,0,3
"commons-lang3-code-coverage (Apr 4, 2019 12:18:11 AM)/commons-lang3/src/main/java",org.apache.commons.lang3.time,FastDatePrinter.TwentyFourHourField,6,28,0,2,2,9,1,4,1,3
"commons-lang3-code-coverage (Apr 4, 2019 12:18:11 AM)/commons-lang3/src/main/java",org.apache.commons.lang3.time,FastDatePrinter.StringLiteral,0,16,0,0,0,6,0,3,0,3
"commons-lang3-code-coverage (Apr 4, 2019 12:18:11 AM)/commons-lang3/src/main/java",org.apache.commons.lang3.time,FastDateParser.StrategyAndWidth,0,34,0,6,0,9,0,5,0,2
"commons-lang3-code-coverage (Apr 4, 2019 12:18:11 AM)/commons-lang3/src/main/java",org.apache.commons.lang3.time,FastDatePrinter.CharacterLiteral,0,14,0,0,0,6,0,3,0,3
"commons-lang3-code-coverage (Apr 4, 2019 12:18:11 AM)/commons-lang3/src/main/java",org.apache.commons.lang3.time,FormatCache,22,177,3,17,5,39,3,16,0,9
"commons-lang3-code-coverage (Apr 4, 2019 12:18:11 AM)/commons-lang3/src/main/java",org.apache.commons.lang3.time,FastDatePrinter.PaddedNumberField,4,29,1,1,1,10,1,4,0,4
"commons-lang3-code-coverage (Apr 4, 2019 12:18:11 AM)/commons-lang3/src/main/java",org.apache.commons.lang3.time,StopWatch,5,235,1,29,1,63,1,34,0,20
"commons-lang3-code-coverage (Apr 4, 2019 12:18:11 AM)/commons-lang3/src/main/java",org.apache.commons.lang3.time,FastDateParser,8,644,5,75,2,138,6,67,1,22
"commons-lang3-code-coverage (Apr 4, 2019 12:18:11 AM)/commons-lang3/src/main/java",org.apache.commons.lang3.time,DateUtils,54,1354,16,194,12,299,18,152,4,56
"commons-lang3-code-coverage (Apr 4, 2019 12:18:11 AM)/commons-lang3/src/main/java",org.apache.commons.lang3.time,FastDateParser.new FastDateParser.NumberStrategy() {...},0,13,0,2,0,3,0,3,0,2
"commons-lang3-code-coverage (Apr 4, 2019 12:18:11 AM)/commons-lang3/src/main/java",org.apache.commons.lang3.time,FastDateParser.TimeZoneStrategy,0,184,0,19,0,38,0,12,0,2
"commons-lang3-code-coverage (Apr 4, 2019 12:18:11 AM)/commons-lang3/src/main/java",org.apache.commons.lang3.time,FastDateParser.PatternStrategy,0,50,0,2,0,13,0,6,0,5
"commons-lang3-code-coverage (Apr 4, 2019 12:18:11 AM)/commons-lang3/src/main/java",org.apache.commons.lang3.time,FastDateParser.new FastDateParser.NumberStrategy() {...},0,11,0,2,0,3,0,3,0,2
"commons-lang3-code-coverage (Apr 4, 2019 12:18:11 AM)/commons-lang3/src/main/java",org.apache.commons.lang3.time,FastDatePrinter.TimeZoneNameRule,0,60,0,2,0,13,0,4,0,3
"commons-lang3-code-coverage (Apr 4, 2019 12:18:11 AM)/commons-lang3/src/main/java",org.apache.commons.lang3.time,DateFormatUtils,9,156,0,0,1,43,1,17,1,17
"commons-lang3-code-coverage (Apr 4, 2019 12:18:11 AM)/commons-lang3/src/main/java",org.apache.commons.lang3.time,FastDateParser.new FastDateParser.NumberStrategy() {...},0,13,0,2,0,3,0,3,0,2
"commons-lang3-code-coverage (Apr 4, 2019 12:18:11 AM)/commons-lang3/src/main/java",org.apache.commons.lang3.time,FastDateParser.TimeZoneStrategy.TzInfo,0,14,0,2,0,4,0,2,0,1
"commons-lang3-code-coverage (Apr 4, 2019 12:18:11 AM)/commons-lang3/src/main/java",org.apache.commons.lang3.time,FastDateParser.NumberStrategy,0,87,1,13,0,28,1,10,0,4
"commons-lang3-code-coverage (Apr 4, 2019 12:18:11 AM)/commons-lang3/src/main/java",org.apache.commons.lang3.time,FastDatePrinter.TimeZoneDisplayKey,4,65,4,8,2,16,4,5,0,3
"commons-lang3-code-coverage (Apr 4, 2019 12:18:11 AM)/commons-lang3/src/main/java",org.apache.commons.lang3.time,FastDateParser.ISO8601TimeZoneStrategy,0,56,0,6,0,16,0,8,0,4
"commons-lang3-code-coverage (Apr 4, 2019 12:18:11 AM)/commons-lang3/src/main/java",org.apache.commons.lang3.time,FastDateParser.CaseInsensitiveTextStrategy,0,54,0,0,0,13,0,2,0,2
"commons-lang3-code-coverage (Apr 4, 2019 12:18:11 AM)/commons-lang3/src/main/java",org.apache.commons.lang3.time,FastDatePrinter,55,968,14,129,11,237,14,102,2,30
"commons-lang3-code-coverage (Apr 4, 2019 12:18:11 AM)/commons-lang3/src/main/java",org.apache.commons.lang3.time,FastDatePrinter.TwoDigitYearField,0,23,0,0,0,8,0,5,0,5
"commons-lang3-code-coverage (Apr 4, 2019 12:18:11 AM)/commons-lang3/src/main/java",org.apache.commons.lang3.time,DurationFormatUtils.Token,13,108,1,15,2,28,3,14,2,7
"commons-lang3-code-coverage (Apr 4, 2019 12:18:11 AM)/commons-lang3/src/main/java",org.apache.commons.lang3.time,DateUtils.DateIterator,0,44,0,2,0,11,0,5,0,4
"commons-lang3-code-coverage (Apr 4, 2019 12:18:11 AM)/commons-lang3/src/main/java",org.apache.commons.lang3.time,FastDateFormat.new FormatCache() {...},0,10,0,0,0,3,0,2,0,2
"commons-lang3-code-coverage (Apr 4, 2019 12:18:11 AM)/commons-lang3/src/main/java",org.apache.commons.lang3.time,FormatCache.MultipartKey,0,50,0,6,0,11,0,6,0,3
"commons-lang3-code-coverage (Apr 4, 2019 12:18:11 AM)/commons-lang3/src/main/java",org.apache.commons.lang3.time,FastDateFormat,17,280,0,2,3,47,3,40,3,39
"commons-lang3-code-coverage (Apr 4, 2019 12:18:11 AM)/commons-lang3/src/main/java",org.apache.commons.lang3.time,FastDatePrinter.TwelveHourField,6,28,0,2,2,9,1,4,1,3
"commons-lang3-code-coverage (Apr 4, 2019 12:18:11 AM)/commons-lang3/src/main/java",org.apache.commons.lang3.time,FastDateParser.Strategy,2,0,0,0,1,0,1,0,1,0
"commons-lang3-code-coverage (Apr 4, 2019 12:18:11 AM)/commons-lang3/src/main/java",org.apache.commons.lang3.time,FastDateParser.new Comparator() {...},0,7,0,0,0,3,0,2,0,2
"commons-lang3-code-coverage (Apr 4, 2019 12:18:11 AM)/commons-lang3/src/main/java",org.apache.commons.lang3.time,FastDatePrinter.TwoDigitNumberField,0,28,0,2,0,11,0,5,0,4
"commons-lang3-code-coverage (Apr 4, 2019 12:18:11 AM)/commons-lang3/src/main/java",org.apache.commons.lang3.time,FastDateParser.new FastDateParser.NumberStrategy() {...},0,11,0,2,0,3,0,3,0,2
"commons-lang3-code-coverage (Apr 4, 2019 12:18:11 AM)/commons-lang3/src/main/java",org.apache.commons.lang3.time,FastDatePrinter.TwoDigitMonthField,0,23,0,0,0,8,0,5,0,5
"commons-lang3-code-coverage (Apr 4, 2019 12:18:11 AM)/commons-lang3/src/main/java",org.apache.commons.lang3.time,DateUtils.ModifyType,0,34,0,0,0,7,0,1,0,1
"commons-lang3-code-coverage (Apr 4, 2019 12:18:11 AM)/commons-lang3/src/main/java",org.apache.commons.lang3.time,FastDatePrinter.DayInWeekField,6,27,0,2,2,7,1,4,1,3
"commons-lang3-code-coverage (Apr 4, 2019 12:18:11 AM)/commons-lang3/src/main/java",org.apache.commons.lang3.time,FastDatePrinter.UnpaddedNumberField,0,39,0,4,0,13,0,6,0,4
"commons-lang3-code-coverage (Apr 4, 2019 12:18:11 AM)/commons-lang3/src/main/java",org.apache.commons.lang3.time,FastDatePrinter.Iso8601_Rule,0,99,0,12,0,30,0,12,0,5
"commons-lang3-code-coverage (Apr 4, 2019 12:18:11 AM)/commons-lang3/src/main/java",org.apache.commons.lang3.time,FastDateParser.new FastDateParser.NumberStrategy() {...},0,8,0,0,0,3,0,2,0,2
"commons-lang3-code-coverage (Apr 4, 2019 12:18:11 AM)/commons-lang3/src/main/java",org.apache.commons.lang3.time,FastDateParser.StrategyParser,0,159,0,24,0,31,0,16,0,4
"commons-lang3-code-coverage (Apr 4, 2019 12:18:11 AM)/commons-lang3/src/main/java",org.apache.commons.lang3.time,FastDateParser.CopyQuotedStrategy,0,55,0,6,0,14,0,6,0,3
"commons-lang3-code-coverage (Apr 4, 2019 12:18:11 AM)/commons-lang3/src/main/java",org.apache.commons.lang3.time,FastDatePrinter.TextField,0,43,0,4,0,12,0,5,0,3
"commons-lang3-code-coverage (Apr 4, 2019 12:18:11 AM)/commons-lang3/src/main/java",org.apache.commons.lang3.time,FastDatePrinter.WeekYear,6,17,0,0,2,6,1,3,1,3
"commons-lang3-code-coverage (Apr 4, 2019 12:18:11 AM)/commons-lang3/src/main/java",org.apache.commons.lang3.time,FastDatePrinter.TimeZoneNumberRule,0,67,0,4,0,19,0,6,0,4
"commons-lang3-code-coverage (Apr 4, 2019 12:18:11 AM)/commons-lang3/src/main/java",org.apache.commons.lang3.time,CalendarReflection,48,41,14,3,16,7,10,4,1,4
"commons-lang3-code-coverage (Apr 4, 2019 12:18:11 AM)/commons-lang3/src/main/java",org.apache.commons.lang3.time,StopWatch.SplitState,0,24,0,0,0,3,0,1,0,1
"commons-lang3-code-coverage (Apr 4, 2019 12:18:11 AM)/commons-lang3/src/main/java",org.apache.commons.lang3.time,DurationFormatUtils,22,854,10,113,10,211,10,68,0,13
"commons-lang3-code-coverage (Apr 4, 2019 12:18:11 AM)/commons-lang3/src/main/java",org.apache.commons.lang3.time,FastDatePrinter.UnpaddedMonthField,3,31,1,1,1,10,1,5,0,5
"commons-lang3-code-coverage (Apr 4, 2019 12:18:11 AM)/commons-lang3/src/main/java",org.apache.commons.lang3.time,StopWatch.State,0,44,0,0,0,5,0,1,0,1
"commons-lang3-code-coverage (Apr 4, 2019 12:18:11 AM)/commons-lang3/src/main/java",org.apache.commons.lang3.text,WordUtils,0,538,1,95,0,137,1,62,0,15
"commons-lang3-code-coverage (Apr 4, 2019 12:18:11 AM)/commons-lang3/src/main/java",org.apache.commons.lang3.text,StrMatcher.NoMatcher,0,5,0,0,0,3,0,2,0,2
"commons-lang3-code-coverage (Apr 4, 2019 12:18:11 AM)/commons-lang3/src/main/java",org.apache.commons.lang3.text,StrLookup,0,23,0,0,0,7,0,5,0,5
"commons-lang3-code-coverage (Apr 4, 2019 12:18:11 AM)/commons-lang3/src/main/java",org.apache.commons.lang3.text,ExtendedMessageFormat,137,621,31,78,32,157,32,47,5,17
"commons-lang3-code-coverage (Apr 4, 2019 12:18:11 AM)/commons-lang3/src/main/java",org.apache.commons.lang3.text,StrBuilder.StrBuilderWriter,0,43,0,0,0,15,0,8,0,8
"commons-lang3-code-coverage (Apr 4, 2019 12:18:11 AM)/commons-lang3/src/main/java",org.apache.commons.lang3.text,StrMatcher.CharSetMatcher,0,22,0,2,0,5,0,3,0,2
"commons-lang3-code-coverage (Apr 4, 2019 12:18:11 AM)/commons-lang3/src/main/java",org.apache.commons.lang3.text,FormattableUtils,12,113,1,15,3,14,3,11,2,4
"commons-lang3-code-coverage (Apr 4, 2019 12:18:11 AM)/commons-lang3/src/main/java",org.apache.commons.lang3.text,CompositeFormat,0,34,0,0,0,9,0,6,0,6
"commons-lang3-code-coverage (Apr 4, 2019 12:18:11 AM)/commons-lang3/src/main/java",org.apache.commons.lang3.text,StrBuilder.StrBuilderTokenizer,8,27,2,2,2,8,2,3,0,3
"commons-lang3-code-coverage (Apr 4, 2019 12:18:11 AM)/commons-lang3/src/main/java",org.apache.commons.lang3.text,StrBuilder,77,3486,22,510,18,748,24,391,2,147
"commons-lang3-code-coverage (Apr 4, 2019 12:18:11 AM)/commons-lang3/src/main/java",org.apache.commons.lang3.text,StrMatcher.TrimMatcher,0,12,0,2,0,3,0,3,0,2
"commons-lang3-code-coverage (Apr 4, 2019 12:18:11 AM)/commons-lang3/src/main/java",org.apache.commons.lang3.text,StrMatcher.CharMatcher,0,16,0,2,0,4,0,3,0,2
"commons-lang3-code-coverage (Apr 4, 2019 12:18:11 AM)/commons-lang3/src/main/java",org.apache.commons.lang3.text,StrSubstitutor,15,1004,7,99,7,272,7,102,0,56
"commons-lang3-code-coverage (Apr 4, 2019 12:18:11 AM)/commons-lang3/src/main/java",org.apache.commons.lang3.text,StrBuilder.StrBuilderReader,0,148,1,23,0,31,1,20,0,9
"commons-lang3-code-coverage (Apr 4, 2019 12:18:11 AM)/commons-lang3/src/main/java",org.apache.commons.lang3.text,StrLookup.SystemPropertiesStrLookup,1,8,0,2,1,3,0,2,0,1
"commons-lang3-code-coverage (Apr 4, 2019 12:18:11 AM)/commons-lang3/src/main/java",org.apache.commons.lang3.text,StrTokenizer,51,920,2,90,19,232,8,103,6,59
"commons-lang3-code-coverage (Apr 4, 2019 12:18:11 AM)/commons-lang3/src/main/java",org.apache.commons.lang3.text,StrMatcher,0,135,0,12,0,35,0,22,0,16
"commons-lang3-code-coverage (Apr 4, 2019 12:18:11 AM)/commons-lang3/src/main/java",org.apache.commons.lang3.text,StrLookup.MapStrLookup,0,23,0,4,0,9,0,4,0,2
"commons-lang3-code-coverage (Apr 4, 2019 12:18:11 AM)/commons-lang3/src/main/java",org.apache.commons.lang3.text,StrMatcher.StringMatcher,14,40,0,6,1,10,1,5,1,2
"commons-lang3-code-coverage (Apr 4, 2019 12:18:11 AM)/commons-lang3/src/test/java",org.apache.commons.lang3,RangeTest.new Comparable() {...},0,8,0,0,0,3,0,2,0,2
"commons-lang3-code-coverage (Apr 4, 2019 12:18:11 AM)/commons-lang3/src/test/java",org.apache.commons.lang3,RangeTest.new Comparator() {...},0,8,0,0,0,3,0,2,0,2
"commons-lang3-code-coverage (Apr 4, 2019 12:18:11 AM)/commons-lang3/src/test/java",org.apache.commons.lang3,StringUtilsIsTest,0,347,0,0,0,121,0,9,0,9
"commons-lang3-code-coverage (Apr 4, 2019 12:18:11 AM)/commons-lang3/src/test/java",org.apache.commons.lang3,ClassUtilsTest,53,3820,0,6,14,812,2,63,2,60
"commons-lang3-code-coverage (Apr 4, 2019 12:18:11 AM)/commons-lang3/src/test/java",org.apache.commons.lang3,ObjectUtilsTest.CloneableString,0,8,0,0,0,3,0,2,0,2
"commons-lang3-code-coverage (Apr 4, 2019 12:18:11 AM)/commons-lang3/src/test/java",org.apache.commons.lang3,TooMany,0,654,0,0,0,4,0,1,0,1
"commons-lang3-code-coverage (Apr 4, 2019 12:18:11 AM)/commons-lang3/src/test/java",org.apache.commons.lang3,AnnotationUtilsTest.new InvocationHandler() {...},16,43,8,6,2,7,6,3,0,2
"commons-lang3-code-coverage (Apr 4, 2019 12:18:11 AM)/commons-lang3/src/test/java",org.apache.commons.lang3,StringUtilsEqualsIndexOfTest.CustomCharSequence,17,31,1,3,3,9,4,5,3,4
"commons-lang3-code-coverage (Apr 4, 2019 12:18:11 AM)/commons-lang3/src/test/java",org.apache.commons.lang3,ArrayUtilsTest.TestClass,0,6,0,0,0,1,0,1,0,1
"commons-lang3-code-coverage (Apr 4, 2019 12:18:11 AM)/commons-lang3/src/test/java",org.apache.commons.lang3,ClassUtilsTest.new Object() {...},0,6,0,0,0,2,0,1,0,1
"commons-lang3-code-coverage (Apr 4, 2019 12:18:11 AM)/commons-lang3/src/test/java",org.apache.commons.lang3,RangeTest,27,1093,2,2,6,184,4,24,2,24
"commons-lang3-code-coverage (Apr 4, 2019 12:18:11 AM)/commons-lang3/src/test/java",org.apache.commons.lang3,ClassUtilsTest.Inner.DeeplyNested,6,0,0,0,1,0,1,0,1,0
"commons-lang3-code-coverage (Apr 4, 2019 12:18:11 AM)/commons-lang3/src/test/java",org.apache.commons.lang3,ValidateTest,682,1334,0,0,174,427,0,68,0,68
"commons-lang3-code-coverage (Apr 4, 2019 12:18:11 AM)/commons-lang3/src/test/java",org.apache.commons.lang3,StringUtilsSubstringTest,0,1021,0,0,0,213,0,15,0,15
"commons-lang3-code-coverage (Apr 4, 2019 12:18:11 AM)/commons-lang3/src/test/java",org.apache.commons.lang3,Enum64,0,644,0,0,0,5,0,1,0,1
"commons-lang3-code-coverage (Apr 4, 2019 12:18:11 AM)/commons-lang3/src/test/java",org.apache.commons.lang3,SystemUtilsTest,280,1025,28,12,103,303,20,15,0,15
"commons-lang3-code-coverage (Apr 4, 2019 12:18:11 AM)/commons-lang3/src/test/java",org.apache.commons.lang3,LocaleUtilsTest,210,907,17,37,57,246,17,35,0,25
"commons-lang3-code-coverage (Apr 4, 2019 12:18:11 AM)/commons-lang3/src/test/java",org.apache.commons.lang3,StringUtilsContainsTest,0,1425,0,6,0,288,0,26,0,23
"commons-lang3-code-coverage (Apr 4, 2019 12:18:11 AM)/commons-lang3/src/test/java",org.apache.commons.lang3,StringUtilsTrimStripTest,0,683,0,0,0,145,0,12,0,12
"commons-lang3-code-coverage (Apr 4, 2019 12:18:11 AM)/commons-lang3/src/test/java",org.apache.commons.lang3,ObjectUtilsTest.CharSequenceComparator,0,9,0,0,0,2,0,2,0,2
"commons-lang3-code-coverage (Apr 4, 2019 12:18:11 AM)/commons-lang3/src/test/java",org.apache.commons.lang3,AnnotationUtilsTest,0,394,0,4,0,67,0,14,0,12
"commons-lang3-code-coverage (Apr 4, 2019 12:18:11 AM)/commons-lang3/src/test/java",org.apache.commons.lang3,StringUtilsTest.new Object() {...},0,5,0,0,0,3,0,2,0,2
"commons-lang3-code-coverage (Apr 4, 2019 12:18:11 AM)/commons-lang3/src/test/java",org.apache.commons.lang3,ClassUtilsTest.new Object() {...},0,6,0,0,0,2,0,1,0,1
"commons-lang3-code-coverage (Apr 4, 2019 12:18:11 AM)/commons-lang3/src/test/java",org.apache.commons.lang3,CharSequenceUtilsTest,12,285,0,2,4,40,2,6,2,5
"commons-lang3-code-coverage (Apr 4, 2019 12:18:11 AM)/commons-lang3/src/test/java",org.apache.commons.lang3,ThreadUtilsTest,67,706,5,13,26,158,18,19,13,15
"commons-lang3-code-coverage (Apr 4, 2019 12:18:11 AM)/commons-lang3/src/test/java",org.apache.commons.lang3,ObjectUtilsTest.UncloneableString,0,4,0,0,0,2,0,1,0,1
"commons-lang3-code-coverage (Apr 4, 2019 12:18:11 AM)/commons-lang3/src/test/java",org.apache.commons.lang3,ClassUtilsTest.new Object() {...},0,6,0,0,0,2,0,1,0,1
"commons-lang3-code-coverage (Apr 4, 2019 12:18:11 AM)/commons-lang3/src/test/java",org.apache.commons.lang3,RangeTest.new Comparator() {...},0,8,0,0,0,3,0,2,0,2
"commons-lang3-code-coverage (Apr 4, 2019 12:18:11 AM)/commons-lang3/src/test/java",org.apache.commons.lang3,ClassUtilsTest.CY,4,0,0,0,1,0,1,0,1,0
"commons-lang3-code-coverage (Apr 4, 2019 12:18:11 AM)/commons-lang3/src/test/java",org.apache.commons.lang3,JavaVersionTest,0,96,0,0,0,22,0,4,0,4
"commons-lang3-code-coverage (Apr 4, 2019 12:18:11 AM)/commons-lang3/src/test/java",org.apache.commons.lang3,CharEncodingTest,0,65,0,0,0,23,0,6,0,6
"commons-lang3-code-coverage (Apr 4, 2019 12:18:11 AM)/commons-lang3/src/test/java",org.apache.commons.lang3,ObjectUtilsTest.NonComparableCharSequence,15,12,0,0,3,5,3,2,3,2
"commons-lang3-code-coverage (Apr 4, 2019 12:18:11 AM)/commons-lang3/src/test/java",org.apache.commons.lang3,RandomUtilsTest,60,235,24,24,18,54,33,19,9,19
"commons-lang3-code-coverage (Apr 4, 2019 12:18:11 AM)/commons-lang3/src/test/java",org.apache.commons.lang3,CharRangeTest,43,988,13,15,7,258,13,18,0,17
"commons-lang3-code-coverage (Apr 4, 2019 12:18:11 AM)/commons-lang3/src/test/java",org.apache.commons.lang3,ObjectUtilsTest,158,1734,3,3,42,267,7,35,4,35
"commons-lang3-code-coverage (Apr 4, 2019 12:18:11 AM)/commons-lang3/src/test/java",org.apache.commons.lang3,StringUtilsTest,370,11352,8,92,92,1889,20,171,13,128
"commons-lang3-code-coverage (Apr 4, 2019 12:18:11 AM)/commons-lang3/src/test/java",org.apache.commons.lang3,CharSetTest,0,1689,0,0,0,325,0,16,0,16
"commons-lang3-code-coverage (Apr 4, 2019 12:18:11 AM)/commons-lang3/src/test/java",org.apache.commons.lang3,NotImplementedExceptionTest,0,138,0,0,0,22,0,3,0,3
"commons-lang3-code-coverage (Apr 4, 2019 12:18:11 AM)/commons-lang3/src/test/java",org.apache.commons.lang3,ArrayUtilsRemoveMultipleTest,427,8656,0,0,54,758,27,29,27,29
"commons-lang3-code-coverage (Apr 4, 2019 12:18:11 AM)/commons-lang3/src/test/java",org.apache.commons.lang3,ClassUtilsTest.new Cloneable() {...},0,6,0,0,0,2,0,1,0,1
"commons-lang3-code-coverage (Apr 4, 2019 12:18:11 AM)/commons-lang3/src/test/java",org.apache.commons.lang3,ArrayUtilsRemoveTest,343,3113,0,0,54,409,0,29,0,29
"commons-lang3-code-coverage (Apr 4, 2019 12:18:11 AM)/commons-lang3/src/test/java",org.apache.commons.lang3,StringUtilsEqualsIndexOfTest,52,3667,52,52,0,509,52,39,0,39
"commons-lang3-code-coverage (Apr 4, 2019 12:18:11 AM)/commons-lang3/src/test/java",org.apache.commons.lang3,CharSequenceUtilsTest.new CharSequenceUtilsTest.RunTest() {...},0,33,0,0,0,3,0,2,0,2
"commons-lang3-code-coverage (Apr 4, 2019 12:18:11 AM)/commons-lang3/src/test/java",org.apache.commons.lang3,ClassUtilsTest.new Object() {...},0,6,0,0,0,2,0,1,0,1
"commons-lang3-code-coverage (Apr 4, 2019 12:18:11 AM)/commons-lang3/src/test/java",org.apache.commons.lang3,Traffic,0,34,0,0,0,2,0,1,0,1
"commons-lang3-code-coverage (Apr 4, 2019 12:18:11 AM)/commons-lang3/src/test/java",org.apache.commons.lang3,ArrayUtilsAddTest,317,3228,0,0,30,373,0,14,0,14
"commons-lang3-code-coverage (Apr 4, 2019 12:18:11 AM)/commons-lang3/src/test/java",org.apache.commons.lang3,CharSequenceUtilsTest.new CharSequenceUtilsTest.RunTest() {...},0,30,0,0,0,3,0,2,0,2
"commons-lang3-code-coverage (Apr 4, 2019 12:18:11 AM)/commons-lang3/src/test/java",org.apache.commons.lang3,ClassUtilsTest.new Object() {...},0,6,0,0,0,2,0,1,0,1
"commons-lang3-code-coverage (Apr 4, 2019 12:18:11 AM)/commons-lang3/src/test/java",org.apache.commons.lang3,RangeTest.new Comparator() {...},0,12,0,0,0,3,0,2,0,2
"commons-lang3-code-coverage (Apr 4, 2019 12:18:11 AM)/commons-lang3/src/test/java",org.apache.commons.lang3,CharSequenceUtilsTest.RunTest,34,30,1,3,4,6,1,2,0,1
"commons-lang3-code-coverage (Apr 4, 2019 12:18:11 AM)/commons-lang3/src/test/java",org.apache.commons.lang3,ClassUtilsTest.new Object() {...},0,6,0,0,0,2,0,1,0,1
"commons-lang3-code-coverage (Apr 4, 2019 12:18:11 AM)/commons-lang3/src/test/java",org.apache.commons.lang3,CharSequenceUtilsTest.new CharSequenceUtilsTest.RunTest() {...},0,30,0,0,0,3,0,2,0,2
"commons-lang3-code-coverage (Apr 4, 2019 12:18:11 AM)/commons-lang3/src/test/java",org.apache.commons.lang3,HashSetvBitSetTest,2,457,2,20,0,90,2,22,0,13
"commons-lang3-code-coverage (Apr 4, 2019 12:18:11 AM)/commons-lang3/src/test/java",org.apache.commons.lang3,RandomStringUtilsTest,159,1383,30,124,30,269,30,67,0,19
"commons-lang3-code-coverage (Apr 4, 2019 12:18:11 AM)/commons-lang3/src/test/java",org.apache.commons.lang3,EnumUtilsTest,714,1313,0,0,82,142,18,19,18,19
"commons-lang3-code-coverage (Apr 4, 2019 12:18:11 AM)/commons-lang3/src/test/java",org.apache.commons.lang3,StringEscapeUtilsTest,99,1256,0,14,36,300,0,43,0,36
"commons-lang3-code-coverage (Apr 4, 2019 12:18:11 AM)/commons-lang3/src/test/java",org.apache.commons.lang3,CharSetUtilsTest,0,1215,0,0,0,155,0,12,0,12
"commons-lang3-code-coverage (Apr 4, 2019 12:18:11 AM)/commons-lang3/src/test/java",org.apache.commons.lang3,ArrayUtilsTest.new Comparator() {...},0,10,0,0,0,3,0,2,0,2
"commons-lang3-code-coverage (Apr 4, 2019 12:18:11 AM)/commons-lang3/src/test/java",org.apache.commons.lang3,ClassUtilsTest.new Object() {...},0,6,0,0,0,2,0,1,0,1
"commons-lang3-code-coverage (Apr 4, 2019 12:18:11 AM)/commons-lang3/src/test/java",org.apache.commons.lang3,BooleanUtilsTest,198,2007,28,28,50,609,53,48,25,48
"commons-lang3-code-coverage (Apr 4, 2019 12:18:11 AM)/commons-lang3/src/test/java",org.apache.commons.lang3,StringUtilsEmptyBlankTest,0,427,0,0,0,63,0,9,0,9
"commons-lang3-code-coverage (Apr 4, 2019 12:18:11 AM)/commons-lang3/src/test/java",org.apache.commons.lang3,BitFieldTest,12,844,6,24,0,124,6,26,0,17
"commons-lang3-code-coverage (Apr 4, 2019 12:18:11 AM)/commons-lang3/src/test/java",org.apache.commons.lang3,CharUtilsPerfRun,297,0,24,0,64,0,21,0,9,0
"commons-lang3-code-coverage (Apr 4, 2019 12:18:11 AM)/commons-lang3/src/test/java",org.apache.commons.lang3,SerializationUtilsTest.new OutputStream() {...},0,11,0,0,0,3,0,2,0,2
"commons-lang3-code-coverage (Apr 4, 2019 12:18:11 AM)/commons-lang3/src/test/java",org.apache.commons.lang3,ConversionTest,287,11694,4,2,41,1320,3,45,1,44
"commons-lang3-code-coverage (Apr 4, 2019 12:18:11 AM)/commons-lang3/src/test/java",org.apache.commons.lang3,AnnotationUtilsTest.Stooge,0,54,0,0,0,2,0,1,0,1
"commons-lang3-code-coverage (Apr 4, 2019 12:18:11 AM)/commons-lang3/src/test/java",org.apache.commons.lang3,ClassPathUtilsTest,42,72,0,0,16,24,8,6,8,6
"commons-lang3-code-coverage (Apr 4, 2019 12:18:11 AM)/commons-lang3/src/test/java",org.apache.commons.lang3,ThreadUtilsTest.TestThread,8,39,0,0,2,14,0,4,0,4
"commons-lang3-code-coverage (Apr 4, 2019 12:18:11 AM)/commons-lang3/src/test/java",org.apache.commons.lang3,CharUtilsTest,33,856,6,72,7,211,6,59,0,26
"commons-lang3-code-coverage (Apr 4, 2019 12:18:11 AM)/commons-lang3/src/test/java",org.apache.commons.lang3,ArrayUtilsTest,225,16504,17,17,36,2969,18,258,1,258
"commons-lang3-code-coverage (Apr 4, 2019 12:18:11 AM)/commons-lang3/src/test/java",org.apache.commons.lang3,SerializationUtilsTest,86,753,9,19,32,187,9,33,0,28
"commons-lang3-code-coverage (Apr 4, 2019 12:18:11 AM)/commons-lang3/src/test/java",org.apache.commons.lang3,StringUtilsStartsEndsWithTest,0,654,0,0,0,101,0,7,0,7
"commons-lang3-code-coverage (Apr 4, 2019 12:18:11 AM)/commons-lang3/src/test/java",org.apache.commons.lang3,ArrayUtilsTest.new Map.Entry() {...},12,10,0,0,3,4,3,3,3,3
"commons-lang3-code-coverage (Apr 4, 2019 12:18:11 AM)/commons-lang3/src/test/java",org.apache.commons.lang3,CharSequenceUtilsTest.TestData,6,111,1,3,2,28,1,4,0,3
"commons-lang3-code-coverage (Apr 4, 2019 12:18:11 AM)/commons-lang3/src/test/java",org.apache.commons.lang3,ClassNotFoundSerialization,0,8,0,0,0,2,0,2,0,2
"commons-lang3-code-coverage (Apr 4, 2019 12:18:11 AM)/commons-lang3/src/test/java",org.apache.commons.lang3,ClassUtilsTest.new Object() {...},0,6,0,0,0,2,0,1,0,1
"commons-lang3-code-coverage (Apr 4, 2019 12:18:11 AM)/commons-lang3/src/test/java",org.apache.commons.lang3.test,SystemDefaultsSwitch,0,54,0,6,0,13,0,7,0,4
"commons-lang3-code-coverage (Apr 4, 2019 12:18:11 AM)/commons-lang3/src/test/java",org.apache.commons.lang3.test,SystemDefaultsSwitchTest,5,60,2,2,2,25,2,7,0,7
"commons-lang3-code-coverage (Apr 4, 2019 12:18:11 AM)/commons-lang3/src/test/java",org.apache.commons.lang3.test,SystemDefaultsSwitch.new Statement() {...},0,24,0,0,0,8,0,2,0,2
"commons-lang3-code-coverage (Apr 4, 2019 12:18:11 AM)/commons-lang3/src/test/java",org.apache.commons.lang3.test,NotVisibleExceptionFactory.NotVisibleException,0,9,0,0,0,4,0,2,0,2
"commons-lang3-code-coverage (Apr 4, 2019 12:18:11 AM)/commons-lang3/src/test/java",org.apache.commons.lang3.test,NotVisibleExceptionFactory,0,6,0,0,0,1,0,1,0,1
"commons-lang3-code-coverage (Apr 4, 2019 12:18:11 AM)/commons-lang3/src/test/java",org.apache.commons.lang3.test,SystemDefaultsSwitch.new Statement() {...},0,24,0,0,0,8,0,2,0,2
"commons-lang3-code-coverage (Apr 4, 2019 12:18:11 AM)/commons-lang3/src/test/java",org.apache.commons.lang3.reflect,ConstructorUtilsTest.PrivateClass,3,0,0,0,2,0,1,0,1,0
"commons-lang3-code-coverage (Apr 4, 2019 12:18:11 AM)/commons-lang3/src/test/java",org.apache.commons.lang3.reflect,MethodUtilsTest,96,2444,0,16,23,351,6,36,6,28
"commons-lang3-code-coverage (Apr 4, 2019 12:18:11 AM)/commons-lang3/src/test/java",org.apache.commons.lang3.reflect,AClass.FClass,7,0,0,0,1,0,1,0,1,0
"commons-lang3-code-coverage (Apr 4, 2019 12:18:11 AM)/commons-lang3/src/test/java",org.apache.commons.lang3.reflect,AClass,0,7,0,0,0,2,0,1,0,1
"commons-lang3-code-coverage (Apr 4, 2019 12:18:11 AM)/commons-lang3/src/test/java",org.apache.commons.lang3.reflect,TypeUtilsTest.The,7,0,0,0,1,0,1,0,1,0
"commons-lang3-code-coverage (Apr 4, 2019 12:18:11 AM)/commons-lang3/src/test/java",org.apache.commons.lang3.reflect,ConstructorUtilsTest,15,572,0,2,3,125,0,14,0,13
"commons-lang3-code-coverage (Apr 4, 2019 12:18:11 AM)/commons-lang3/src/test/java",org.apache.commons.lang3.reflect,TypeLiteralTest.new TypeLiteral() {...},3,3,0,0,1,1,0,1,0,1
"commons-lang3-code-coverage (Apr 4, 2019 12:18:11 AM)/commons-lang3/src/test/java",org.apache.commons.lang3.reflect,TypeUtilsTest.ClassWithSuperClassWithGenericType,5,0,0,0,2,0,2,0,2,0
"commons-lang3-code-coverage (Apr 4, 2019 12:18:11 AM)/commons-lang3/src/test/java",org.apache.commons.lang3.reflect,TypeLiteralTest.new TypeLiteral() {...},0,6,0,0,0,2,0,1,0,1
"commons-lang3-code-coverage (Apr 4, 2019 12:18:11 AM)/commons-lang3/src/test/java",org.apache.commons.lang3.reflect,TypeUtilsTest.Other,6,0,0,0,1,0,1,0,1,0
"commons-lang3-code-coverage (Apr 4, 2019 12:18:11 AM)/commons-lang3/src/test/java",org.apache.commons.lang3.reflect,AClass.BClass,6,0,0,0,1,0,1,0,1,0
"commons-lang3-code-coverage (Apr 4, 2019 12:18:11 AM)/commons-lang3/src/test/java",org.apache.commons.lang3.reflect,MethodUtilsTest.InheritanceBean,9,0,0,0,7,0,7,0,7,0
"commons-lang3-code-coverage (Apr 4, 2019 12:18:11 AM)/commons-lang3/src/test/java",org.apache.commons.lang3.reflect,TypeLiteralTest.new TypeLiteral() {...},0,6,0,0,0,2,0,1,0,1
"commons-lang3-code-coverage (Apr 4, 2019 12:18:11 AM)/commons-lang3/src/test/java",org.apache.commons.lang3.reflect,MethodUtilsTest.TestBeanWithInterfaces,5,0,0,0,2,0,2,0,2,0
"commons-lang3-code-coverage (Apr 4, 2019 12:18:11 AM)/commons-lang3/src/test/java",org.apache.commons.lang3.reflect,AAAClass.BBBClass,7,0,0,0,1,0,1,0,1,0
"commons-lang3-code-coverage (Apr 4, 2019 12:18:11 AM)/commons-lang3/src/test/java",org.apache.commons.lang3.reflect,FieldUtilsTest,994,1961,0,0,272,477,25,42,25,42
"commons-lang3-code-coverage (Apr 4, 2019 12:18:11 AM)/commons-lang3/src/test/java",org.apache.commons.lang3.reflect,TypeLiteralTest.new TypeLiteral() {...},0,6,0,0,0,2,0,1,0,1
"commons-lang3-code-coverage (Apr 4, 2019 12:18:11 AM)/commons-lang3/src/test/java",org.apache.commons.lang3.reflect,TypeLiteralTest.new TypeLiteral() {...},0,6,0,0,0,2,0,1,0,1
"commons-lang3-code-coverage (Apr 4, 2019 12:18:11 AM)/commons-lang3/src/test/java",org.apache.commons.lang3.reflect,MethodUtilsTest.TestBean,19,115,0,0,11,45,11,41,11,41
"commons-lang3-code-coverage (Apr 4, 2019 12:18:11 AM)/commons-lang3/src/test/java",org.apache.commons.lang3.reflect,MethodUtilsTest.GrandParentObject,3,0,0,0,1,0,1,0,1,0
"commons-lang3-code-coverage (Apr 4, 2019 12:18:11 AM)/commons-lang3/src/test/java",org.apache.commons.lang3.reflect,AClass.DClass,7,0,0,0,1,0,1,0,1,0
"commons-lang3-code-coverage (Apr 4, 2019 12:18:11 AM)/commons-lang3/src/test/java",org.apache.commons.lang3.reflect,TypeLiteralTest.new TypeLiteral() {...},0,6,0,0,0,2,0,1,0,1
"commons-lang3-code-coverage (Apr 4, 2019 12:18:11 AM)/commons-lang3/src/test/java",org.apache.commons.lang3.reflect,AClass.GClass,6,0,0,0,1,0,1,0,1,0
"commons-lang3-code-coverage (Apr 4, 2019 12:18:11 AM)/commons-lang3/src/test/java",org.apache.commons.lang3.reflect,TypeUtilsTest.That,6,0,0,0,1,0,1,0,1,0
"commons-lang3-code-coverage (Apr 4, 2019 12:18:11 AM)/commons-lang3/src/test/java",org.apache.commons.lang3.reflect,MethodUtilsTest.ParentObject,3,0,0,0,1,0,1,0,1,0
"commons-lang3-code-coverage (Apr 4, 2019 12:18:11 AM)/commons-lang3/src/test/java",org.apache.commons.lang3.reflect,TypeUtilsTest.Tester,6,0,0,0,1,0,1,0,1,0
"commons-lang3-code-coverage (Apr 4, 2019 12:18:11 AM)/commons-lang3/src/test/java",org.apache.commons.lang3.reflect,TypeLiteralTest.new TypeLiteral() {...},0,6,0,0,0,2,0,1,0,1
"commons-lang3-code-coverage (Apr 4, 2019 12:18:11 AM)/commons-lang3/src/test/java",org.apache.commons.lang3.reflect,AClass.CClass,7,0,0,0,1,0,1,0,1,0
"commons-lang3-code-coverage (Apr 4, 2019 12:18:11 AM)/commons-lang3/src/test/java",org.apache.commons.lang3.reflect,TypeLiteralTest.new TypeLiteral() {...},0,6,0,0,0,2,0,1,0,1
"commons-lang3-code-coverage (Apr 4, 2019 12:18:11 AM)/commons-lang3/src/test/java",org.apache.commons.lang3.reflect,TypeLiteralTest.new TypeLiteral() {...},0,6,0,0,0,2,0,1,0,1
"commons-lang3-code-coverage (Apr 4, 2019 12:18:11 AM)/commons-lang3/src/test/java",org.apache.commons.lang3.reflect,AAClass.BBClass,0,6,0,0,0,1,0,1,0,1
"commons-lang3-code-coverage (Apr 4, 2019 12:18:11 AM)/commons-lang3/src/test/java",org.apache.commons.lang3.reflect,TypeLiteralTest.new TypeLiteral() {...},0,6,0,0,0,2,0,1,0,1
"commons-lang3-code-coverage (Apr 4, 2019 12:18:11 AM)/commons-lang3/src/test/java",org.apache.commons.lang3.reflect,ConstructorUtilsTest.TestBean,0,111,0,2,0,42,0,12,0,11
"commons-lang3-code-coverage (Apr 4, 2019 12:18:11 AM)/commons-lang3/src/test/java",org.apache.commons.lang3.reflect,AAAClass,3,0,0,0,1,0,1,0,1,0
"commons-lang3-code-coverage (Apr 4, 2019 12:18:11 AM)/commons-lang3/src/test/java",org.apache.commons.lang3.reflect,AAClass,0,3,0,0,0,1,0,1,0,1
"commons-lang3-code-coverage (Apr 4, 2019 12:18:11 AM)/commons-lang3/src/test/java",org.apache.commons.lang3.reflect,MethodUtilsTest.ChildObject,3,0,0,0,1,0,1,0,1,0
"commons-lang3-code-coverage (Apr 4, 2019 12:18:11 AM)/commons-lang3/src/test/java",org.apache.commons.lang3.reflect,TypeUtilsTest,6,2461,1,3,3,516,4,25,3,24
"commons-lang3-code-coverage (Apr 4, 2019 12:18:11 AM)/commons-lang3/src/test/java",org.apache.commons.lang3.reflect,AClass.EClass,7,0,0,0,1,0,1,0,1,0
"commons-lang3-code-coverage (Apr 4, 2019 12:18:11 AM)/commons-lang3/src/test/java",org.apache.commons.lang3.reflect,MethodUtilsTest.MethodDescriptor,0,12,0,0,0,5,0,1,0,1
"commons-lang3-code-coverage (Apr 4, 2019 12:18:11 AM)/commons-lang3/src/test/java",org.apache.commons.lang3.reflect,TypeUtilsTest.Thing,7,0,0,0,1,0,1,0,1,0
"commons-lang3-code-coverage (Apr 4, 2019 12:18:11 AM)/commons-lang3/src/test/java",org.apache.commons.lang3.reflect,TypeLiteralTest.new TypeLiteral() {...},0,6,0,0,0,2,0,1,0,1
"commons-lang3-code-coverage (Apr 4, 2019 12:18:11 AM)/commons-lang3/src/test/java",org.apache.commons.lang3.reflect,TypeLiteralTest,4,83,0,0,2,14,1,4,1,4
"commons-lang3-code-coverage (Apr 4, 2019 12:18:11 AM)/commons-lang3/src/test/java",org.apache.commons.lang3.reflect,MethodUtilsTest.TestMutable,3,0,0,0,2,0,2,0,2,0
"commons-lang3-code-coverage (Apr 4, 2019 12:18:11 AM)/commons-lang3/src/test/java",org.apache.commons.lang3.reflect,ConstructorUtilsTest.PrivateClass.PublicInnerClass,3,0,0,0,2,0,1,0,1,0
"commons-lang3-code-coverage (Apr 4, 2019 12:18:11 AM)/commons-lang3/src/test/java",org.apache.commons.lang3.reflect,InheritanceUtilsTest,0,81,0,0,0,22,0,10,0,10
"commons-lang3-code-coverage (Apr 4, 2019 12:18:11 AM)/commons-lang3/src/test/java",org.apache.commons.lang3.event,EventListenerSupportTest.new VetoableChangeListener() {...},1,6,0,0,1,2,1,1,1,1
"commons-lang3-code-coverage (Apr 4, 2019 12:18:11 AM)/commons-lang3/src/test/java",org.apache.commons.lang3.event,EventUtilsTest.new PropertyChangeListener() {...},1,6,0,0,1,2,1,1,1,1
"commons-lang3-code-coverage (Apr 4, 2019 12:18:11 AM)/commons-lang3/src/test/java",org.apache.commons.lang3.event,EventListenerSupportTest.new VetoableChangeListener() {...},0,15,0,0,0,4,0,2,0,2
"commons-lang3-code-coverage (Apr 4, 2019 12:18:11 AM)/commons-lang3/src/test/java",org.apache.commons.lang3.event,EventUtilsTest.EventCountingInvociationHandler,11,54,1,3,1,12,1,5,0,4
"commons-lang3-code-coverage (Apr 4, 2019 12:18:11 AM)/commons-lang3/src/test/java",org.apache.commons.lang3.event,EventUtilsTest.MultipleEventSource,0,12,0,0,0,4,0,2,0,2
"commons-lang3-code-coverage (Apr 4, 2019 12:18:11 AM)/commons-lang3/src/test/java",org.apache.commons.lang3.event,EventListenerSupportTest.new VetoableChangeListener() {...},0,14,0,0,0,4,0,2,0,2
"commons-lang3-code-coverage (Apr 4, 2019 12:18:11 AM)/commons-lang3/src/test/java",org.apache.commons.lang3.event,EventListenerSupportTest,16,406,0,2,8,89,2,12,2,11
"commons-lang3-code-coverage (Apr 4, 2019 12:18:11 AM)/commons-lang3/src/test/java",org.apache.commons.lang3.event,EventUtilsTest.PropertyChangeSource,6,31,0,0,3,8,2,3,2,3
"commons-lang3-code-coverage (Apr 4, 2019 12:18:11 AM)/commons-lang3/src/test/java",org.apache.commons.lang3.event,EventUtilsTest.ExceptionEventSource,0,7,0,0,0,2,0,2,0,2
"commons-lang3-code-coverage (Apr 4, 2019 12:18:11 AM)/commons-lang3/src/test/java",org.apache.commons.lang3.event,EventListenerSupportTest.new EventListenerSupport() {...},0,13,0,0,0,3,0,2,0,2
"commons-lang3-code-coverage (Apr 4, 2019 12:18:11 AM)/commons-lang3/src/test/java",org.apache.commons.lang3.event,EventUtilsTest,24,281,0,0,9,55,0,9,0,9
"commons-lang3-code-coverage (Apr 4, 2019 12:18:11 AM)/commons-lang3/src/test/java",org.apache.commons.lang3.event,EventUtilsTest.EventCounter,0,13,0,0,0,4,0,3,0,3
"commons-lang3-code-coverage (Apr 4, 2019 12:18:11 AM)/commons-lang3/src/test/java",org.apache.commons.lang3.event,EventUtilsTest.EventCounterWithEvent,0,13,0,0,0,4,0,3,0,3
"commons-lang3-code-coverage (Apr 4, 2019 12:18:11 AM)/commons-lang3/src/test/java",org.apache.commons.lang3.tuple,ImmutablePairTest,0,214,0,0,0,46,0,7,0,7
"commons-lang3-code-coverage (Apr 4, 2019 12:18:11 AM)/commons-lang3/src/test/java",org.apache.commons.lang3.tuple,PairTest,10,251,9,9,0,56,9,10,0,10
"commons-lang3-code-coverage (Apr 4, 2019 12:18:11 AM)/commons-lang3/src/test/java",org.apache.commons.lang3.tuple,MutablePairTest,0,215,0,0,0,48,0,9,0,9
"commons-lang3-code-coverage (Apr 4, 2019 12:18:11 AM)/commons-lang3/src/test/java",org.apache.commons.lang3.tuple,MutableTripleTest,0,291,0,0,0,59,0,9,0,9
"commons-lang3-code-coverage (Apr 4, 2019 12:18:11 AM)/commons-lang3/src/test/java",org.apache.commons.lang3.tuple,ImmutableTripleTest,0,294,0,0,0,57,0,7,0,7
"commons-lang3-code-coverage (Apr 4, 2019 12:18:11 AM)/commons-lang3/src/test/java",org.apache.commons.lang3.tuple,TripleTest,16,308,16,16,0,62,16,11,0,11
"commons-lang3-code-coverage (Apr 4, 2019 12:18:11 AM)/commons-lang3/src/test/java",org.apache.commons.lang3.exception,ExceptionUtilsTest.NestableException,3,4,0,0,1,1,1,1,1,1
"commons-lang3-code-coverage (Apr 4, 2019 12:18:11 AM)/commons-lang3/src/test/java",org.apache.commons.lang3.exception,ContextedExceptionTest,14,304,14,14,0,53,14,9,0,9
"commons-lang3-code-coverage (Apr 4, 2019 12:18:11 AM)/commons-lang3/src/test/java",org.apache.commons.lang3.exception,ExceptionUtilsTest.ExceptionWithCause,0,20,0,0,0,9,0,4,0,4
"commons-lang3-code-coverage (Apr 4, 2019 12:18:11 AM)/commons-lang3/src/test/java",org.apache.commons.lang3.exception,AbstractExceptionContextTest.ObjectWithFaultyToString,0,8,0,0,0,2,0,2,0,2
"commons-lang3-code-coverage (Apr 4, 2019 12:18:11 AM)/commons-lang3/src/test/java",org.apache.commons.lang3.exception,ExceptionUtilsTest.TestThrowable,0,3,0,0,0,1,0,1,0,1
"commons-lang3-code-coverage (Apr 4, 2019 12:18:11 AM)/commons-lang3/src/test/java",org.apache.commons.lang3.exception,ExceptionUtilsTest.ExceptionWithoutCause,1,0,0,0,1,0,1,0,1,0
"commons-lang3-code-coverage (Apr 4, 2019 12:18:11 AM)/commons-lang3/src/test/java",org.apache.commons.lang3.exception,AbstractExceptionContextTest,18,513,17,17,0,88,17,9,0,9
"commons-lang3-code-coverage (Apr 4, 2019 12:18:11 AM)/commons-lang3/src/test/java",org.apache.commons.lang3.exception,ExceptionUtilsTest,78,1416,6,10,31,283,8,41,2,39
"commons-lang3-code-coverage (Apr 4, 2019 12:18:11 AM)/commons-lang3/src/test/java",org.apache.commons.lang3.exception,DefaultExceptionContextTest,0,23,0,0,0,7,0,3,0,3
"commons-lang3-code-coverage (Apr 4, 2019 12:18:11 AM)/commons-lang3/src/test/java",org.apache.commons.lang3.exception,ContextedRuntimeExceptionTest.new DefaultExceptionContext() {...},0,6,0,0,0,2,0,1,0,1
"commons-lang3-code-coverage (Apr 4, 2019 12:18:11 AM)/commons-lang3/src/test/java",org.apache.commons.lang3.exception,ContextedRuntimeExceptionTest,14,305,14,14,0,54,14,9,0,9
"commons-lang3-code-coverage (Apr 4, 2019 12:18:11 AM)/commons-lang3/src/test/java",org.apache.commons.lang3.text,CompositeFormatTest,0,78,0,0,0,16,0,3,0,3
"commons-lang3-code-coverage (Apr 4, 2019 12:18:11 AM)/commons-lang3/src/test/java",org.apache.commons.lang3.text,StrBuilderTest.MockReadable,0,12,0,0,0,4,0,2,0,2
"commons-lang3-code-coverage (Apr 4, 2019 12:18:11 AM)/commons-lang3/src/test/java",org.apache.commons.lang3.text,ExtendedMessageFormatTest.LowerCaseFormatFactory,0,8,0,0,0,2,0,2,0,2
"commons-lang3-code-coverage (Apr 4, 2019 12:18:11 AM)/commons-lang3/src/test/java",org.apache.commons.lang3.text,ExtendedMessageFormatTest.OverrideShortDateFormatFactory,2,13,1,3,0,4,1,2,0,1
"commons-lang3-code-coverage (Apr 4, 2019 12:18:11 AM)/commons-lang3/src/test/java",org.apache.commons.lang3.text,StrBuilderAppendInsertTest.new StrBuilder() {...},0,32,0,0,0,6,0,3,0,3
"commons-lang3-code-coverage (Apr 4, 2019 12:18:11 AM)/commons-lang3/src/test/java",org.apache.commons.lang3.text,StrBuilderAppendInsertTest.new StrBuilder() {...},0,32,0,0,0,6,0,3,0,3
"commons-lang3-code-coverage (Apr 4, 2019 12:18:11 AM)/commons-lang3/src/test/java",org.apache.commons.lang3.text,FormattableUtilsTest,11,739,0,0,2,66,1,5,1,5
"commons-lang3-code-coverage (Apr 4, 2019 12:18:11 AM)/commons-lang3/src/test/java",org.apache.commons.lang3.text,StrBuilderAppendInsertTest.new StrBuilder() {...},0,32,0,0,0,6,0,3,0,3
"commons-lang3-code-coverage (Apr 4, 2019 12:18:11 AM)/commons-lang3/src/test/java",org.apache.commons.lang3.text,StrBuilderTest.new StrMatcher() {...},0,26,1,7,0,7,1,5,0,2
"commons-lang3-code-coverage (Apr 4, 2019 12:18:11 AM)/commons-lang3/src/test/java",org.apache.commons.lang3.text,ExtendedMessageFormatTest.UpperCaseFormat,4,6,0,0,1,1,1,1,1,1
"commons-lang3-code-coverage (Apr 4, 2019 12:18:11 AM)/commons-lang3/src/test/java",org.apache.commons.lang3.text,ExtendedMessageFormatTest.LowerCaseFormat,4,6,0,0,1,1,1,1,1,1
"commons-lang3-code-coverage (Apr 4, 2019 12:18:11 AM)/commons-lang3/src/test/java",org.apache.commons.lang3.text,StrBuilderAppendInsertTest.new StrBuilder() {...},0,34,0,0,0,6,0,3,0,3
"commons-lang3-code-coverage (Apr 4, 2019 12:18:11 AM)/commons-lang3/src/test/java",org.apache.commons.lang3.text,ExtendedMessageFormatTest,8,963,7,25,0,168,7,26,0,17
"commons-lang3-code-coverage (Apr 4, 2019 12:18:11 AM)/commons-lang3/src/test/java",org.apache.commons.lang3.text,StrTokenizerTest.new StrTokenizer() {...},0,14,0,0,0,3,0,2,0,2
"commons-lang3-code-coverage (Apr 4, 2019 12:18:11 AM)/commons-lang3/src/test/java",org.apache.commons.lang3.text,StrBuilderAppendInsertTest.new StrBuilder() {...},0,34,0,0,0,6,0,3,0,3
"commons-lang3-code-coverage (Apr 4, 2019 12:18:11 AM)/commons-lang3/src/test/java",org.apache.commons.lang3.text,ExtendedMessageFormatTest.UpperCaseFormatFactory,0,8,0,0,0,2,0,2,0,2
"commons-lang3-code-coverage (Apr 4, 2019 12:18:11 AM)/commons-lang3/src/test/java",org.apache.commons.lang3.text,StrMatcherTest,0,651,0,0,0,123,0,16,0,16
"commons-lang3-code-coverage (Apr 4, 2019 12:18:11 AM)/commons-lang3/src/test/java",org.apache.commons.lang3.text,StrBuilderAppendInsertTest.new Object() {...},0,5,0,0,0,3,0,2,0,2
"commons-lang3-code-coverage (Apr 4, 2019 12:18:11 AM)/commons-lang3/src/test/java",org.apache.commons.lang3.text,StrSubstitutorTest.new StrSubstitutor() {...},0,27,0,0,0,7,0,2,0,2
"commons-lang3-code-coverage (Apr 4, 2019 12:18:11 AM)/commons-lang3/src/test/java",org.apache.commons.lang3.text,StrBuilderAppendInsertTest.new StrBuilder() {...},0,32,0,0,0,6,0,3,0,3
"commons-lang3-code-coverage (Apr 4, 2019 12:18:11 AM)/commons-lang3/src/test/java",org.apache.commons.lang3.text,StrBuilderAppendInsertTest.new StrBuilder() {...},0,34,0,0,0,6,0,3,0,3
"commons-lang3-code-coverage (Apr 4, 2019 12:18:11 AM)/commons-lang3/src/test/java",org.apache.commons.lang3.text,CompositeFormatTest.new Format() {...},5,8,0,0,1,3,1,2,1,2
"commons-lang3-code-coverage (Apr 4, 2019 12:18:11 AM)/commons-lang3/src/test/java",org.apache.commons.lang3.text,StrTokenizerTest,35,2410,4,22,12,539,4,69,0,60
"commons-lang3-code-coverage (Apr 4, 2019 12:18:11 AM)/commons-lang3/src/test/java",org.apache.commons.lang3.text,StrBuilderAppendInsertTest.new StrBuilder() {...},0,32,0,0,0,6,0,3,0,3
"commons-lang3-code-coverage (Apr 4, 2019 12:18:11 AM)/commons-lang3/src/test/java",org.apache.commons.lang3.text,StrBuilderAppendInsertTest,886,3375,0,0,116,716,0,53,0,53
"commons-lang3-code-coverage (Apr 4, 2019 12:18:11 AM)/commons-lang3/src/test/java",org.apache.commons.lang3.text,StrBuilderAppendInsertTest.new StrBuilder() {...},0,34,0,0,0,6,0,3,0,3
"commons-lang3-code-coverage (Apr 4, 2019 12:18:11 AM)/commons-lang3/src/test/java",org.apache.commons.lang3.text,StrTokenizerTest.new StrTokenizer() {...},0,17,0,0,0,5,0,2,0,2
"commons-lang3-code-coverage (Apr 4, 2019 12:18:11 AM)/commons-lang3/src/test/java",org.apache.commons.lang3.text,StrBuilderTest,335,5892,20,26,80,1221,20,96,0,93
"commons-lang3-code-coverage (Apr 4, 2019 12:18:11 AM)/commons-lang3/src/test/java",org.apache.commons.lang3.text,CompositeFormatTest.new Format() {...},5,8,0,0,1,3,1,2,1,2
"commons-lang3-code-coverage (Apr 4, 2019 12:18:11 AM)/commons-lang3/src/test/java",org.apache.commons.lang3.text,ExtendedMessageFormatTest.OtherExtendedMessageFormat,0,6,0,0,0,2,0,1,0,1
"commons-lang3-code-coverage (Apr 4, 2019 12:18:11 AM)/commons-lang3/src/test/java",org.apache.commons.lang3.text,StrSubstitutorTest,38,1397,0,18,12,354,0,55,0,46
"commons-lang3-code-coverage (Apr 4, 2019 12:18:11 AM)/commons-lang3/src/test/java",org.apache.commons.lang3.text,StrTokenizerTest.new StrTokenizer() {...},0,11,0,0,0,3,0,2,0,2
"commons-lang3-code-coverage (Apr 4, 2019 12:18:11 AM)/commons-lang3/src/test/java",org.apache.commons.lang3.text,StrBuilderAppendInsertTest.new StrBuilder() {...},0,32,0,0,0,6,0,3,0,3
"commons-lang3-code-coverage (Apr 4, 2019 12:18:11 AM)/commons-lang3/src/test/java",org.apache.commons.lang3.text,WordUtilsTest,0,1453,0,0,0,284,0,15,0,15
"commons-lang3-code-coverage (Apr 4, 2019 12:18:11 AM)/commons-lang3/src/test/java",org.apache.commons.lang3.text,StrLookupTest,6,174,0,0,2,44,0,7,0,7
"commons-lang3-code-coverage (Apr 4, 2019 12:18:11 AM)/commons-lang3/src/test/java",org.apache.commons.lang3.text,StrBuilderAppendInsertTest.new StrBuilder() {...},0,34,0,0,0,6,0,3,0,3
"commons-lang3-code-coverage (Apr 4, 2019 12:18:11 AM)/commons-lang3/src/test/java",org.apache.commons.lang3.time,FastDateParser_MoreOrLessTest,0,249,0,0,0,56,0,9,0,9
"commons-lang3-code-coverage (Apr 4, 2019 12:18:11 AM)/commons-lang3/src/test/java",org.apache.commons.lang3.time,FastDatePrinterTest,5,955,0,2,2,210,1,30,1,29
"commons-lang3-code-coverage (Apr 4, 2019 12:18:11 AM)/commons-lang3/src/test/java",org.apache.commons.lang3.time,StopWatchTest,104,379,13,13,28,124,13,12,0,12
"commons-lang3-code-coverage (Apr 4, 2019 12:18:11 AM)/commons-lang3/src/test/java",org.apache.commons.lang3.time,WeekYearTest,0,459,0,0,0,35,0,4,0,4
"commons-lang3-code-coverage (Apr 4, 2019 12:18:11 AM)/commons-lang3/src/test/java",org.apache.commons.lang3.time,DateFormatUtilsTest,0,534,0,0,0,115,0,18,0,18
"commons-lang3-code-coverage (Apr 4, 2019 12:18:11 AM)/commons-lang3/src/test/java",org.apache.commons.lang3.time,DurationFormatUtilsTest,35,2688,0,12,14,401,7,28,7,22
"commons-lang3-code-coverage (Apr 4, 2019 12:18:11 AM)/commons-lang3/src/test/java",org.apache.commons.lang3.time,FastDatePrinterTimeZonesTest,0,64,0,2,0,15,0,4,0,3
"commons-lang3-code-coverage (Apr 4, 2019 12:18:11 AM)/commons-lang3/src/test/java",org.apache.commons.lang3.time,FastDateFormat_ParserTest,0,8,0,0,0,2,0,2,0,2
"commons-lang3-code-coverage (Apr 4, 2019 12:18:11 AM)/commons-lang3/src/test/java",org.apache.commons.lang3.time,DateUtilsRoundingTest,0,1462,0,0,0,289,0,27,0,27
"commons-lang3-code-coverage (Apr 4, 2019 12:18:11 AM)/commons-lang3/src/test/java",org.apache.commons.lang3.time,FastDateParserTest,143,1808,13,45,17,352,12,69,2,50
"commons-lang3-code-coverage (Apr 4, 2019 12:18:11 AM)/commons-lang3/src/test/java",org.apache.commons.lang3.time,FastDateFormat_PrinterTest,0,8,0,0,0,2,0,2,0,2
"commons-lang3-code-coverage (Apr 4, 2019 12:18:11 AM)/commons-lang3/src/test/java",org.apache.commons.lang3.time,FastDateFormatTest.new Runnable() {...},12,64,1,3,4,12,1,3,0,2
"commons-lang3-code-coverage (Apr 4, 2019 12:18:11 AM)/commons-lang3/src/test/java",org.apache.commons.lang3.time,FastDateParserSDFTest,66,1321,7,13,6,115,7,13,0,10
"commons-lang3-code-coverage (Apr 4, 2019 12:18:11 AM)/commons-lang3/src/test/java",org.apache.commons.lang3.time,FastDateParser_TimeZoneStrategyTest,38,87,1,7,8,16,1,6,0,3
"commons-lang3-code-coverage (Apr 4, 2019 12:18:11 AM)/commons-lang3/src/test/java",org.apache.commons.lang3.time,FastDatePrinterTest.Expected1806,0,63,0,0,0,9,0,2,0,2
"commons-lang3-code-coverage (Apr 4, 2019 12:18:11 AM)/commons-lang3/src/test/java",org.apache.commons.lang3.time,FastDateFormatTest,6,524,2,4,2,139,2,19,0,18
"commons-lang3-code-coverage (Apr 4, 2019 12:18:11 AM)/commons-lang3/src/test/java",org.apache.commons.lang3.time,FastDateFormatTest.new Format() {...},0,34,0,0,0,6,0,3,0,3
"commons-lang3-code-coverage (Apr 4, 2019 12:18:11 AM)/commons-lang3/src/test/java",org.apache.commons.lang3.time,DateUtilsFragmentTest,130,884,0,0,40,279,0,59,0,59
"commons-lang3-code-coverage (Apr 4, 2019 12:18:11 AM)/commons-lang3/src/test/java",org.apache.commons.lang3.time,FastDateParserTest.Expected1806,0,74,0,2,0,11,0,3,0,2
"commons-lang3-code-coverage (Apr 4, 2019 12:18:11 AM)/commons-lang3/src/test/java",org.apache.commons.lang3.time,DateUtilsTest,380,4474,2,8,117,1095,24,52,22,49
"commons-lang3-code-coverage (Apr 4, 2019 12:18:11 AM)/commons-lang3/src/test/java",org.apache.commons.lang3.text.translate,EntityArraysTest,54,115,2,6,4,21,2,6,0,4
"commons-lang3-code-coverage (Apr 4, 2019 12:18:11 AM)/commons-lang3/src/test/java",org.apache.commons.lang3.text.translate,NumericEntityUnescaperTest,7,107,0,0,2,27,0,4,0,4
"commons-lang3-code-coverage (Apr 4, 2019 12:18:11 AM)/commons-lang3/src/test/java",org.apache.commons.lang3.text.translate,UnicodeUnpairedSurrogateRemoverTest,0,67,0,0,0,11,0,3,0,3
"commons-lang3-code-coverage (Apr 4, 2019 12:18:11 AM)/commons-lang3/src/test/java",org.apache.commons.lang3.text.translate,OctalUnescaperTest,0,128,0,0,0,39,0,2,0,2
"commons-lang3-code-coverage (Apr 4, 2019 12:18:11 AM)/commons-lang3/src/test/java",org.apache.commons.lang3.text.translate,UnicodeUnescaperTest,7,39,0,0,2,14,0,4,0,4
"commons-lang3-code-coverage (Apr 4, 2019 12:18:11 AM)/commons-lang3/src/test/java",org.apache.commons.lang3.text.translate,LookupTranslatorTest,0,92,0,0,0,13,0,3,0,3
"commons-lang3-code-coverage (Apr 4, 2019 12:18:11 AM)/commons-lang3/src/test/java",org.apache.commons.lang3.text.translate,UnicodeEscaperTest,0,46,0,0,0,16,0,4,0,4
"commons-lang3-code-coverage (Apr 4, 2019 12:18:11 AM)/commons-lang3/src/test/java",org.apache.commons.lang3.text.translate,NumericEntityEscaperTest,0,63,0,0,0,22,0,5,0,5
"commons-lang3-code-coverage (Apr 4, 2019 12:18:11 AM)/commons-lang3/src/test/java",org.apache.commons.lang3.math,IEEE754rUtilsTest,52,218,0,0,16,31,0,4,0,4
"commons-lang3-code-coverage (Apr 4, 2019 12:18:11 AM)/commons-lang3/src/test/java",org.apache.commons.lang3.math,FractionTest,564,2983,16,24,144,759,17,29,1,25
"commons-lang3-code-coverage (Apr 4, 2019 12:18:11 AM)/commons-lang3/src/test/java",org.apache.commons.lang3.math,NumberUtilsTest,543,5086,248,250,88,917,280,80,32,79
"commons-lang3-code-coverage (Apr 4, 2019 12:18:11 AM)/commons-lang3/src/test/java",org.apache.commons.lang3.concurrent,AtomicInitializerTest,0,8,0,0,0,2,0,2,0,2
"commons-lang3-code-coverage (Apr 4, 2019 12:18:11 AM)/commons-lang3/src/test/java",org.apache.commons.lang3.concurrent,TimedSemaphoreTest,16,846,3,19,7,212,4,27,1,19
"commons-lang3-code-coverage (Apr 4, 2019 12:18:11 AM)/commons-lang3/src/test/java",org.apache.commons.lang3.concurrent,MultiBackgroundInitializerTest.ChildBackgroundInitializer,0,20,0,2,0,5,0,2,0,1
"commons-lang3-code-coverage (Apr 4, 2019 12:18:11 AM)/commons-lang3/src/test/java",org.apache.commons.lang3.concurrent,CallableBackgroundInitializerTest.TestCallable,0,8,0,0,0,2,0,1,0,1
"commons-lang3-code-coverage (Apr 4, 2019 12:18:11 AM)/commons-lang3/src/test/java",org.apache.commons.lang3.concurrent,LazyInitializerTest.LazyInitializerTestImpl,0,4,0,0,0,1,0,1,0,1
"commons-lang3-code-coverage (Apr 4, 2019 12:18:11 AM)/commons-lang3/src/test/java",org.apache.commons.lang3.concurrent,TimedSemaphoreTest.TimedSemaphoreTestImpl,3,46,1,3,0,14,1,7,0,6
"commons-lang3-code-coverage (Apr 4, 2019 12:18:11 AM)/commons-lang3/src/test/java",org.apache.commons.lang3.concurrent,ThresholdCircuitBreakerTest,0,81,0,0,0,20,0,6,0,6
"commons-lang3-code-coverage (Apr 4, 2019 12:18:11 AM)/commons-lang3/src/test/java",org.apache.commons.lang3.concurrent,EventCountCircuitBreakerTest.EventCountCircuitBreakerTestImpl,0,17,0,0,0,6,0,3,0,3
"commons-lang3-code-coverage (Apr 4, 2019 12:18:11 AM)/commons-lang3/src/test/java",org.apache.commons.lang3.concurrent,AtomicSafeInitializerTest,0,24,0,0,0,8,0,4,0,4
"commons-lang3-code-coverage (Apr 4, 2019 12:18:11 AM)/commons-lang3/src/test/java",org.apache.commons.lang3.concurrent,CallableBackgroundInitializerTest,10,62,0,0,5,18,1,5,1,5
"commons-lang3-code-coverage (Apr 4, 2019 12:18:11 AM)/commons-lang3/src/test/java",org.apache.commons.lang3.concurrent,AbstractConcurrentInitializerTest,0,112,0,8,0,22,0,8,0,4
"commons-lang3-code-coverage (Apr 4, 2019 12:18:11 AM)/commons-lang3/src/test/java",org.apache.commons.lang3.concurrent,BackgroundInitializerTest.new Thread() {...},5,34,1,1,1,8,1,2,0,2
"commons-lang3-code-coverage (Apr 4, 2019 12:18:11 AM)/commons-lang3/src/test/java",org.apache.commons.lang3.concurrent,LazyInitializerTest,0,13,0,0,0,4,0,3,0,3
"commons-lang3-code-coverage (Apr 4, 2019 12:18:11 AM)/commons-lang3/src/test/java",org.apache.commons.lang3.concurrent,BackgroundInitializerTest,31,312,0,2,9,103,0,18,0,17
"commons-lang3-code-coverage (Apr 4, 2019 12:18:11 AM)/commons-lang3/src/test/java",org.apache.commons.lang3.concurrent,TimedSemaphoreTest.TryAcquireThread,1,22,1,1,0,8,1,2,0,2
"commons-lang3-code-coverage (Apr 4, 2019 12:18:11 AM)/commons-lang3/src/test/java",org.apache.commons.lang3.concurrent,BackgroundInitializerTest.BackgroundInitializerTestImpl,2,25,0,4,1,8,0,5,0,3
"commons-lang3-code-coverage (Apr 4, 2019 12:18:11 AM)/commons-lang3/src/test/java",org.apache.commons.lang3.concurrent,EventCountCircuitBreakerTest.ChangeListener,0,50,0,0,0,14,0,3,0,3
"commons-lang3-code-coverage (Apr 4, 2019 12:18:11 AM)/commons-lang3/src/test/java",org.apache.commons.lang3.concurrent,AtomicSafeInitializerTest.AtomicSafeInitializerTestImpl,0,16,0,0,0,4,0,2,0,2
"commons-lang3-code-coverage (Apr 4, 2019 12:18:11 AM)/commons-lang3/src/test/java",org.apache.commons.lang3.concurrent,BasicThreadFactoryTest,19,711,1,5,6,140,4,18,3,16
"commons-lang3-code-coverage (Apr 4, 2019 12:18:11 AM)/commons-lang3/src/test/java",org.apache.commons.lang3.concurrent,EventCountCircuitBreakerTest.new Thread() {...},1,20,0,0,0,6,0,2,0,2
"commons-lang3-code-coverage (Apr 4, 2019 12:18:11 AM)/commons-lang3/src/test/java",org.apache.commons.lang3.concurrent,TimedSemaphoreTest.SemaphoreThread,3,35,0,4,1,12,0,4,0,2
"commons-lang3-code-coverage (Apr 4, 2019 12:18:11 AM)/commons-lang3/src/test/java",org.apache.commons.lang3.concurrent,EventCountCircuitBreakerTest,1,616,1,21,0,147,1,28,0,18
"commons-lang3-code-coverage (Apr 4, 2019 12:18:11 AM)/commons-lang3/src/test/java",org.apache.commons.lang3.concurrent,MultiBackgroundInitializerTest,49,509,1,9,17,137,3,23,2,19
"commons-lang3-code-coverage (Apr 4, 2019 12:18:11 AM)/commons-lang3/src/test/java",org.apache.commons.lang3.concurrent,AtomicInitializerTest.new AtomicInitializer() {...},0,10,0,0,0,3,0,2,0,2
"commons-lang3-code-coverage (Apr 4, 2019 12:18:11 AM)/commons-lang3/src/test/java",org.apache.commons.lang3.concurrent,ConstantInitializerTest,3,182,3,7,0,42,3,13,0,11
"commons-lang3-code-coverage (Apr 4, 2019 12:18:11 AM)/commons-lang3/src/test/java",org.apache.commons.lang3.concurrent,ConcurrentUtilsTest,129,660,0,0,36,194,6,35,6,35
"commons-lang3-code-coverage (Apr 4, 2019 12:18:11 AM)/commons-lang3/src/test/java",org.apache.commons.lang3.reflect.testbed,Grandchild,3,0,0,0,1,0,1,0,1,0
"commons-lang3-code-coverage (Apr 4, 2019 12:18:11 AM)/commons-lang3/src/test/java",org.apache.commons.lang3.reflect.testbed,AnotherChild,3,0,0,0,1,0,1,0,1,0
"commons-lang3-code-coverage (Apr 4, 2019 12:18:11 AM)/commons-lang3/src/test/java",org.apache.commons.lang3.reflect.testbed,Parent,1,15,0,0,1,5,1,1,1,1
"commons-lang3-code-coverage (Apr 4, 2019 12:18:11 AM)/commons-lang3/src/test/java",org.apache.commons.lang3.reflect.testbed,PublicChild,0,3,0,0,0,1,0,1,0,1
"commons-lang3-code-coverage (Apr 4, 2019 12:18:11 AM)/commons-lang3/src/test/java",org.apache.commons.lang3.reflect.testbed,PubliclyShadowedChild,0,15,0,0,0,5,0,1,0,1
"commons-lang3-code-coverage (Apr 4, 2019 12:18:11 AM)/commons-lang3/src/test/java",org.apache.commons.lang3.reflect.testbed,Ambig,4,0,0,0,2,0,2,0,2,0
"commons-lang3-code-coverage (Apr 4, 2019 12:18:11 AM)/commons-lang3/src/test/java",org.apache.commons.lang3.reflect.testbed,GenericTypeHolder,3,0,0,0,1,0,1,0,1,0
"commons-lang3-code-coverage (Apr 4, 2019 12:18:11 AM)/commons-lang3/src/test/java",org.apache.commons.lang3.reflect.testbed,StringParameterizedChild,7,0,0,0,3,0,2,0,2,0
"commons-lang3-code-coverage (Apr 4, 2019 12:18:11 AM)/commons-lang3/src/test/java",org.apache.commons.lang3.reflect.testbed,StaticContainerChild,3,0,0,0,1,0,1,0,1,0
"commons-lang3-code-coverage (Apr 4, 2019 12:18:11 AM)/commons-lang3/src/test/java",org.apache.commons.lang3.reflect.testbed,StaticContainer,3,26,0,0,1,14,1,5,1,5
"commons-lang3-code-coverage (Apr 4, 2019 12:18:11 AM)/commons-lang3/src/test/java",org.apache.commons.lang3.reflect.testbed,GenericParent,4,0,0,0,2,0,2,0,2,0
"commons-lang3-code-coverage (Apr 4, 2019 12:18:11 AM)/commons-lang3/src/test/java",org.apache.commons.lang3.reflect.testbed,AnotherParent,3,0,0,0,1,0,1,0,1,0
"commons-lang3-code-coverage (Apr 4, 2019 12:18:11 AM)/commons-lang3/src/test/java",org.apache.commons.lang3.reflect.testbed,PrivatelyShadowedChild,0,15,0,0,0,5,0,1,0,1
"commons-lang3-code-coverage (Apr 4, 2019 12:18:11 AM)/commons-lang3/src/test/java",org.apache.commons.lang3.mutable,MutableDoubleTest,18,615,4,4,6,141,5,26,1,26
"commons-lang3-code-coverage (Apr 4, 2019 12:18:11 AM)/commons-lang3/src/test/java",org.apache.commons.lang3.mutable,MutableObjectTest,7,217,5,5,0,46,5,6,0,6
"commons-lang3-code-coverage (Apr 4, 2019 12:18:11 AM)/commons-lang3/src/test/java",org.apache.commons.lang3.mutable,MutableLongTest,18,585,4,4,6,138,5,25,1,25
"commons-lang3-code-coverage (Apr 4, 2019 12:18:11 AM)/commons-lang3/src/test/java",org.apache.commons.lang3.mutable,MutableBooleanTest,15,280,1,1,6,63,2,9,1,9
"commons-lang3-code-coverage (Apr 4, 2019 12:18:11 AM)/commons-lang3/src/test/java",org.apache.commons.lang3.mutable,MutableByteTest,18,590,4,4,6,134,5,25,1,25
"commons-lang3-code-coverage (Apr 4, 2019 12:18:11 AM)/commons-lang3/src/test/java",org.apache.commons.lang3.mutable,MutableShortTest,21,583,4,4,6,135,4,23,0,23
"commons-lang3-code-coverage (Apr 4, 2019 12:18:11 AM)/commons-lang3/src/test/java",org.apache.commons.lang3.mutable,MutableFloatTest,18,615,4,4,6,141,5,26,1,26
"commons-lang3-code-coverage (Apr 4, 2019 12:18:11 AM)/commons-lang3/src/test/java",org.apache.commons.lang3.mutable,MutableIntTest,18,601,4,4,6,136,5,26,1,26
"commons-lang3-code-coverage (Apr 4, 2019 12:18:11 AM)/commons-lang3/src/test/java",org.apache.commons.lang3.builder,ToStringBuilderTest.SimpleReflectionStaticFieldsFixture,0,6,0,0,0,1,0,1,0,1
"commons-lang3-code-coverage (Apr 4, 2019 12:18:11 AM)/commons-lang3/src/test/java",org.apache.commons.lang3.builder,ReflectionToStringBuilderMutateInspectConcurrencyTest.MutatingClient,26,0,2,0,9,0,3,0,2,0
"commons-lang3-code-coverage (Apr 4, 2019 12:18:11 AM)/commons-lang3/src/test/java",org.apache.commons.lang3.builder,ReflectionToStringBuilderMutateInspectConcurrencyTest,49,0,4,0,11,0,4,0,2,0
"commons-lang3-code-coverage (Apr 4, 2019 12:18:11 AM)/commons-lang3/src/test/java",org.apache.commons.lang3.builder,ToStringStyleConcurrencyTest.CollectionHolder,0,6,0,0,0,3,0,1,0,1
"commons-lang3-code-coverage (Apr 4, 2019 12:18:11 AM)/commons-lang3/src/test/java",org.apache.commons.lang3.builder,EqualsBuilderTest.TestTSubObject,0,7,0,0,0,3,0,1,0,1
"commons-lang3-code-coverage (Apr 4, 2019 12:18:11 AM)/commons-lang3/src/test/java",org.apache.commons.lang3.builder,MultilineRecursiveToStringStyleTest.Transaction,0,9,0,0,0,4,0,1,0,1
"commons-lang3-code-coverage (Apr 4, 2019 12:18:11 AM)/commons-lang3/src/test/java",org.apache.commons.lang3.builder,EqualsBuilderTest.TestEmptySubObject,0,4,0,0,0,2,0,1,0,1
"commons-lang3-code-coverage (Apr 4, 2019 12:18:11 AM)/commons-lang3/src/test/java",org.apache.commons.lang3.builder,EqualsBuilderTest.TestACanEqualB,17,28,5,5,3,9,5,4,1,3
"commons-lang3-code-coverage (Apr 4, 2019 12:18:11 AM)/commons-lang3/src/test/java",org.apache.commons.lang3.builder,HashCodeBuilderAndEqualsBuilderTest.SubTestFixture,0,10,0,0,0,3,0,1,0,1
"commons-lang3-code-coverage (Apr 4, 2019 12:18:11 AM)/commons-lang3/src/test/java",org.apache.commons.lang3.builder,ReflectionToStringBuilderConcurrencyTest.new Callable() {...},25,0,2,0,6,0,3,0,2,0
"commons-lang3-code-coverage (Apr 4, 2019 12:18:11 AM)/commons-lang3/src/test/java",org.apache.commons.lang3.builder,EqualsBuilderTest,172,3865,90,142,0,639,90,78,0,52
"commons-lang3-code-coverage (Apr 4, 2019 12:18:11 AM)/commons-lang3/src/test/java",org.apache.commons.lang3.builder,JsonToStringStyleTest.NestingPerson,0,3,0,0,0,1,0,1,0,1
"commons-lang3-code-coverage (Apr 4, 2019 12:18:11 AM)/commons-lang3/src/test/java",org.apache.commons.lang3.builder,ToStringBuilderTest.Outer,0,12,0,0,0,3,0,2,0,2
"commons-lang3-code-coverage (Apr 4, 2019 12:18:11 AM)/commons-lang3/src/test/java",org.apache.commons.lang3.builder,MultilineRecursiveToStringStyleTest,0,815,0,0,0,145,0,13,0,13
"commons-lang3-code-coverage (Apr 4, 2019 12:18:11 AM)/commons-lang3/src/test/java",org.apache.commons.lang3.builder,SimpleToStringStyleTest,0,502,0,0,0,60,0,11,0,11
"commons-lang3-code-coverage (Apr 4, 2019 12:18:11 AM)/commons-lang3/src/test/java",org.apache.commons.lang3.builder,DefaultToStringStyleTest,0,806,0,0,0,62,0,11,0,11
"commons-lang3-code-coverage (Apr 4, 2019 12:18:11 AM)/commons-lang3/src/test/java",org.apache.commons.lang3.builder,ToStringBuilderTest.InheritedReflectionStaticFieldsFixture,0,7,0,0,0,1,0,1,0,1
"commons-lang3-code-coverage (Apr 4, 2019 12:18:11 AM)/commons-lang3/src/test/java",org.apache.commons.lang3.builder,MultilineRecursiveToStringStyleTest.Account,21,8,2,0,4,2,2,1,1,1
"commons-lang3-code-coverage (Apr 4, 2019 12:18:11 AM)/commons-lang3/src/test/java",org.apache.commons.lang3.builder,ReflectionToStringBuilderExcludeWithAnnotationTest.TestFixture,0,12,0,0,0,3,0,1,0,1
"commons-lang3-code-coverage (Apr 4, 2019 12:18:11 AM)/commons-lang3/src/test/java",org.apache.commons.lang3.builder,DiffResultTest.SimpleClass,0,22,0,0,0,7,0,3,0,3
"commons-lang3-code-coverage (Apr 4, 2019 12:18:11 AM)/commons-lang3/src/test/java",org.apache.commons.lang3.builder,ReflectionToStringBuilderMutateInspectConcurrencyTest.TestFixture,59,0,2,0,12,0,4,0,3,0
"commons-lang3-code-coverage (Apr 4, 2019 12:18:11 AM)/commons-lang3/src/test/java",org.apache.commons.lang3.builder,EqualsBuilderTest.TestObjectWithMultipleFields,0,21,0,0,0,5,0,1,0,1
"commons-lang3-code-coverage (Apr 4, 2019 12:18:11 AM)/commons-lang3/src/test/java",org.apache.commons.lang3.builder,ToStringBuilderTest.SelfInstanceTwoVarsReflectionTestFixture,0,14,0,0,0,6,0,3,0,3
"commons-lang3-code-coverage (Apr 4, 2019 12:18:11 AM)/commons-lang3/src/test/java",org.apache.commons.lang3.builder,EqualsBuilderTest.TestTSubObject2,11,0,0,0,5,0,3,0,3,0
"commons-lang3-code-coverage (Apr 4, 2019 12:18:11 AM)/commons-lang3/src/test/java",org.apache.commons.lang3.builder,ToStringBuilderTest.ReflectionStaticFieldsFixture,0,18,0,0,0,5,0,1,0,1
"commons-lang3-code-coverage (Apr 4, 2019 12:18:11 AM)/commons-lang3/src/test/java",org.apache.commons.lang3.builder,EqualsBuilderTest.TestTTSubObject,0,8,0,0,0,3,0,1,0,1
"commons-lang3-code-coverage (Apr 4, 2019 12:18:11 AM)/commons-lang3/src/test/java",org.apache.commons.lang3.builder,ToStringBuilderTest.Outer.Inner,0,9,0,0,0,2,0,2,0,2
"commons-lang3-code-coverage (Apr 4, 2019 12:18:11 AM)/commons-lang3/src/test/java",org.apache.commons.lang3.builder,JsonToStringStyleTest,323,563,0,0,46,142,0,15,0,15
"commons-lang3-code-coverage (Apr 4, 2019 12:18:11 AM)/commons-lang3/src/test/java",org.apache.commons.lang3.builder,HashCodeBuilderTest.ReflectionTestCycleA,0,8,0,0,0,2,0,2,0,2
"commons-lang3-code-coverage (Apr 4, 2019 12:18:11 AM)/commons-lang3/src/test/java",org.apache.commons.lang3.builder,EqualsBuilderTest.TestObjectEqualsExclude,6,9,0,0,2,4,2,1,2,1
"commons-lang3-code-coverage (Apr 4, 2019 12:18:11 AM)/commons-lang3/src/test/java",org.apache.commons.lang3.builder,DiffBuilderTest,17,1426,3,3,4,278,5,31,2,31
"commons-lang3-code-coverage (Apr 4, 2019 12:18:11 AM)/commons-lang3/src/test/java",org.apache.commons.lang3.builder,HashCodeBuilderTest,71,1725,0,0,18,249,9,37,9,37
"commons-lang3-code-coverage (Apr 4, 2019 12:18:11 AM)/commons-lang3/src/test/java",org.apache.commons.lang3.builder,EqualsBuilderTest.TestObject,7,40,2,6,1,14,3,7,1,5
"commons-lang3-code-coverage (Apr 4, 2019 12:18:11 AM)/commons-lang3/src/test/java",org.apache.commons.lang3.builder,EqualsBuilderTest.TestObjectReference,0,19,0,0,0,6,0,3,0,3
"commons-lang3-code-coverage (Apr 4, 2019 12:18:11 AM)/commons-lang3/src/test/java",org.apache.commons.lang3.builder,ReflectionToStringBuilderConcurrencyTest,103,0,4,0,22,0,7,0,5,0
"commons-lang3-code-coverage (Apr 4, 2019 12:18:11 AM)/commons-lang3/src/test/java",org.apache.commons.lang3.builder,ToStringStyleConcurrencyTest.new Callable() {...},0,29,0,2,0,5,0,3,0,2
"commons-lang3-code-coverage (Apr 4, 2019 12:18:11 AM)/commons-lang3/src/test/java",org.apache.commons.lang3.builder,MultiLineToStringStyleTest,0,1130,0,0,0,62,0,11,0,11
"commons-lang3-code-coverage (Apr 4, 2019 12:18:11 AM)/commons-lang3/src/test/java",org.apache.commons.lang3.builder,ToStringBuilderTest.SelfInstanceVarReflectionTestFixture,0,9,0,0,0,4,0,2,0,2
"commons-lang3-code-coverage (Apr 4, 2019 12:18:11 AM)/commons-lang3/src/test/java",org.apache.commons.lang3.builder,ToStringBuilderTest.ReflectionTestFixtureB,0,9,0,0,0,3,0,1,0,1
"commons-lang3-code-coverage (Apr 4, 2019 12:18:11 AM)/commons-lang3/src/test/java",org.apache.commons.lang3.builder,ToStringStyleTest.Person,0,3,0,0,0,1,0,1,0,1
"commons-lang3-code-coverage (Apr 4, 2019 12:18:11 AM)/commons-lang3/src/test/java",org.apache.commons.lang3.builder,ReflectionToStringBuilderExcludeTest,3,204,3,3,0,50,3,15,0,15
"commons-lang3-code-coverage (Apr 4, 2019 12:18:11 AM)/commons-lang3/src/test/java",org.apache.commons.lang3.builder,RecursiveToStringStyleTest,0,827,0,0,0,66,0,11,0,11
"commons-lang3-code-coverage (Apr 4, 2019 12:18:11 AM)/commons-lang3/src/test/java",org.apache.commons.lang3.builder,EqualsBuilderTest.TestTTLeafObject,0,9,0,0,0,3,0,1,0,1
"commons-lang3-code-coverage (Apr 4, 2019 12:18:11 AM)/commons-lang3/src/test/java",org.apache.commons.lang3.builder,DiffTest.BooleanDiff,0,8,0,0,0,4,0,3,0,3
"commons-lang3-code-coverage (Apr 4, 2019 12:18:11 AM)/commons-lang3/src/test/java",org.apache.commons.lang3.builder,HashCodeBuilderTest.TestObjectWithMultipleFields,0,21,0,0,0,8,0,1,0,1
"commons-lang3-code-coverage (Apr 4, 2019 12:18:11 AM)/commons-lang3/src/test/java",org.apache.commons.lang3.builder,StandardToStringStyleTest,0,542,0,0,0,74,0,12,0,12
"commons-lang3-code-coverage (Apr 4, 2019 12:18:11 AM)/commons-lang3/src/test/java",org.apache.commons.lang3.builder,ToStringBuilderTest.SimpleReflectionTestFixture,0,12,0,0,0,6,0,3,0,3
"commons-lang3-code-coverage (Apr 4, 2019 12:18:11 AM)/commons-lang3/src/test/java",org.apache.commons.lang3.builder,ReflectionToStringBuilderConcurrencyTest.CollectionHolder,6,0,0,0,3,0,1,0,1,0
"commons-lang3-code-coverage (Apr 4, 2019 12:18:11 AM)/commons-lang3/src/test/java",org.apache.commons.lang3.builder,MultilineRecursiveToStringStyleTest.WithArrays,0,3,0,0,0,1,0,1,0,1
"commons-lang3-code-coverage (Apr 4, 2019 12:18:11 AM)/commons-lang3/src/test/java",org.apache.commons.lang3.builder,MultilineRecursiveToStringStyleTest.Bank,0,6,0,0,0,3,0,1,0,1
"commons-lang3-code-coverage (Apr 4, 2019 12:18:11 AM)/commons-lang3/src/test/java",org.apache.commons.lang3.builder,HashCodeBuilderAndEqualsBuilderTest,0,137,1,1,0,32,1,8,0,8
"commons-lang3-code-coverage (Apr 4, 2019 12:18:11 AM)/commons-lang3/src/test/java",org.apache.commons.lang3.builder,RecursiveToStringStyleTest.Person,0,3,0,0,0,1,0,1,0,1
"commons-lang3-code-coverage (Apr 4, 2019 12:18:11 AM)/commons-lang3/src/test/java",org.apache.commons.lang3.builder,DiffTest,5,41,0,0,2,9,1,5,1,5
"commons-lang3-code-coverage (Apr 4, 2019 12:18:11 AM)/commons-lang3/src/test/java",org.apache.commons.lang3.builder,ReflectionToStringBuilderTest,8,3,0,0,2,1,1,1,1,1
"commons-lang3-code-coverage (Apr 4, 2019 12:18:11 AM)/commons-lang3/src/test/java",org.apache.commons.lang3.builder,CompareToBuilderTest.TestObject,28,26,6,4,8,6,6,5,3,3
"commons-lang3-code-coverage (Apr 4, 2019 12:18:11 AM)/commons-lang3/src/test/java",org.apache.commons.lang3.builder,DiffResultTest,17,208,0,2,6,52,1,11,1,10
"commons-lang3-code-coverage (Apr 4, 2019 12:18:11 AM)/commons-lang3/src/test/java",org.apache.commons.lang3.builder,HashCodeBuilderTest.ReflectionTestCycleB,0,8,0,0,0,2,0,2,0,2
"commons-lang3-code-coverage (Apr 4, 2019 12:18:11 AM)/commons-lang3/src/test/java",org.apache.commons.lang3.builder,ToStringBuilderTest.ReflectionTestCycleB,0,6,0,0,0,2,0,2,0,2
"commons-lang3-code-coverage (Apr 4, 2019 12:18:11 AM)/commons-lang3/src/test/java",org.apache.commons.lang3.builder,RecursiveToStringStyleTest.Job,0,3,0,0,0,1,0,1,0,1
"commons-lang3-code-coverage (Apr 4, 2019 12:18:11 AM)/commons-lang3/src/test/java",org.apache.commons.lang3.builder,ReflectionToStringBuilderExcludeTest.TestFixture,0,12,0,0,0,3,0,1,0,1
"commons-lang3-code-coverage (Apr 4, 2019 12:18:11 AM)/commons-lang3/src/test/java",org.apache.commons.lang3.builder,HashCodeBuilderTest.TestObjectHashCodeExclude,6,9,0,0,2,4,2,1,2,1
"commons-lang3-code-coverage (Apr 4, 2019 12:18:11 AM)/commons-lang3/src/test/java",org.apache.commons.lang3.builder,ToStringStyleTest,0,159,0,0,0,49,0,13,0,13
"commons-lang3-code-coverage (Apr 4, 2019 12:18:11 AM)/commons-lang3/src/test/java",org.apache.commons.lang3.builder,HashCodeBuilderAndEqualsBuilderTest.TestFixture,0,15,0,0,0,6,0,1,0,1
"commons-lang3-code-coverage (Apr 4, 2019 12:18:11 AM)/commons-lang3/src/test/java",org.apache.commons.lang3.builder,ToStringBuilderTest.MultiLineTestObject,0,20,0,0,0,3,0,2,0,2
"commons-lang3-code-coverage (Apr 4, 2019 12:18:11 AM)/commons-lang3/src/test/java",org.apache.commons.lang3.builder,ToStringBuilderTest,94,4651,10,4,23,495,9,78,2,78
"commons-lang3-code-coverage (Apr 4, 2019 12:18:11 AM)/commons-lang3/src/test/java",org.apache.commons.lang3.builder,CompareToBuilderTest.TestTransientSubObject,0,7,0,0,0,3,0,1,0,1
"commons-lang3-code-coverage (Apr 4, 2019 12:18:11 AM)/commons-lang3/src/test/java",org.apache.commons.lang3.builder,ReflectionToStringBuilderExcludeWithAnnotationTest,0,28,0,0,0,7,0,2,0,2
"commons-lang3-code-coverage (Apr 4, 2019 12:18:11 AM)/commons-lang3/src/test/java",org.apache.commons.lang3.builder,NoFieldNamesToStringStyleTest,0,806,0,0,0,62,0,11,0,11
"commons-lang3-code-coverage (Apr 4, 2019 12:18:11 AM)/commons-lang3/src/test/java",org.apache.commons.lang3.builder,HashCodeBuilderAndEqualsBuilderTest.AllTransientFixture,0,15,0,0,0,6,0,1,0,1
"commons-lang3-code-coverage (Apr 4, 2019 12:18:11 AM)/commons-lang3/src/test/java",org.apache.commons.lang3.builder,HashCodeBuilderTest.TestObject,32,6,6,0,10,3,7,1,4,1
"commons-lang3-code-coverage (Apr 4, 2019 12:18:11 AM)/commons-lang3/src/test/java",org.apache.commons.lang3.builder,ToStringStyleConcurrencyTest,0,103,0,4,0,24,0,8,0,6
"commons-lang3-code-coverage (Apr 4, 2019 12:18:11 AM)/commons-lang3/src/test/java",org.apache.commons.lang3.builder,CompareToBuilderTest,352,5699,321,373,8,784,319,81,0,53
"commons-lang3-code-coverage (Apr 4, 2019 12:18:11 AM)/commons-lang3/src/test/java",org.apache.commons.lang3.builder,MultilineRecursiveToStringStyleTest.Customer,0,6,0,0,0,3,0,1,0,1
"commons-lang3-code-coverage (Apr 4, 2019 12:18:11 AM)/commons-lang3/src/test/java",org.apache.commons.lang3.builder,HashCodeBuilderAndEqualsBuilderTest.SubAllTransientFixture,0,10,0,0,0,3,0,1,0,1
"commons-lang3-code-coverage (Apr 4, 2019 12:18:11 AM)/commons-lang3/src/test/java",org.apache.commons.lang3.builder,ReflectionToStringBuilderConcurrencyTest.new Callable() {...},27,0,2,0,5,0,3,0,2,0
"commons-lang3-code-coverage (Apr 4, 2019 12:18:11 AM)/commons-lang3/src/test/java",org.apache.commons.lang3.builder,CompareToBuilderTest.TestSubObject,30,7,8,0,8,3,6,1,2,1
"commons-lang3-code-coverage (Apr 4, 2019 12:18:11 AM)/commons-lang3/src/test/java",org.apache.commons.lang3.builder,ShortPrefixToStringStyleTest,0,507,0,0,0,62,0,11,0,11
"commons-lang3-code-coverage (Apr 4, 2019 12:18:11 AM)/commons-lang3/src/test/java",org.apache.commons.lang3.builder,EqualsBuilderTest.TestBCanEqualA,20,25,6,4,4,8,5,4,1,3
"commons-lang3-code-coverage (Apr 4, 2019 12:18:11 AM)/commons-lang3/src/test/java",org.apache.commons.lang3.builder,JsonToStringStyleTest.new ToStringStyleTest.Person() {...},0,24,0,0,0,5,0,2,0,2
"commons-lang3-code-coverage (Apr 4, 2019 12:18:11 AM)/commons-lang3/src/test/java",org.apache.commons.lang3.builder,NoClassNameToStringStyleTest,0,502,0,0,0,60,0,11,0,11
"commons-lang3-code-coverage (Apr 4, 2019 12:18:11 AM)/commons-lang3/src/test/java",org.apache.commons.lang3.builder,ReflectionToStringBuilderMutateInspectConcurrencyTest.InspectingClient,14,0,0,0,5,0,2,0,2,0
"commons-lang3-code-coverage (Apr 4, 2019 12:18:11 AM)/commons-lang3/src/test/java",org.apache.commons.lang3.builder,HashCodeBuilderTest.TestSubObject,38,10,8,0,9,4,7,1,3,1
"commons-lang3-code-coverage (Apr 4, 2019 12:18:11 AM)/commons-lang3/src/test/java",org.apache.commons.lang3.builder,HashCodeBuilderTest.TestObjectHashCodeExclude2,6,9,0,0,2,4,2,1,2,1
"commons-lang3-code-coverage (Apr 4, 2019 12:18:11 AM)/commons-lang3/src/test/java",org.apache.commons.lang3.builder,ToStringBuilderTest.ReflectionTestCycleA,0,6,0,0,0,2,0,2,0,2
"commons-lang3-code-coverage (Apr 4, 2019 12:18:11 AM)/commons-lang3/src/test/java",org.apache.commons.lang3.builder,ToStringBuilderTest.ObjectCycle,0,12,0,0,0,2,0,2,0,2
"commons-lang3-code-coverage (Apr 4, 2019 12:18:11 AM)/commons-lang3/src/test/java",org.apache.commons.lang3.builder,DiffBuilderTest.TypeTestClass,4,223,0,0,1,41,1,3,1,3
"commons-lang3-code-coverage (Apr 4, 2019 12:18:11 AM)/commons-lang3/src/test/java",org.apache.commons.lang3.builder,EqualsBuilderTest.TestSubObject,40,18,10,0,7,8,7,4,2,4
"commons-lang3-code-coverage (Apr 4, 2019 12:18:11 AM)/commons-lang3/src/test/java",org.apache.commons.lang3.builder,ToStringBuilderTest.ReflectionTestFixtureA,0,9,0,0,0,3,0,1,0,1
