GROUP,PACKAGE,CLASS,INSTRUCTION_MISSED,INSTRUCTION_COVERED,BRANCH_MISSED,BRANCH_COVERED,LINE_MISSED,LINE_COVERED,COMPLEXITY_MISSED,COMPLEXITY_COVERED,METHOD_MISSED,METHOD_COVERED
commons-io2.4 (3-Apr-2019 4:51:19 PM)/commons-io/src/main/java,org.apache.commons.io.monitor,FileAlterationMonitor,5,179,1,25,2,51,1,24,0,12
commons-io2.4 (3-Apr-2019 4:51:19 PM)/commons-io/src/main/java,org.apache.commons.io.monitor,FileEntry,51,120,9,13,16,29,18,13,10,10
commons-io2.4 (3-Apr-2019 4:51:19 PM)/commons-io/src/main/java,org.apache.commons.io.monitor,FileAlterationObserver,63,517,12,62,11,113,13,46,3,19
commons-io2.4 (3-Apr-2019 4:51:19 PM)/commons-io/src/main/java,org.apache.commons.io.monitor,FileAlterationListenerAdaptor,0,11,0,0,0,9,0,9,0,9
commons-io2.4 (3-Apr-2019 4:51:19 PM)/commons-io/src/main/java,org.apache.commons.io.input,BrokenInputStream,7,21,0,0,2,8,1,6,1,6
commons-io2.4 (3-Apr-2019 4:51:19 PM)/commons-io/src/main/java,org.apache.commons.io.input,BOMInputStream.new Comparator() {...},0,21,0,4,0,8,0,4,0,2
commons-io2.4 (3-Apr-2019 4:51:19 PM)/commons-io/src/main/java,org.apache.commons.io.input,ProxyInputStream,38,85,1,3,16,29,2,13,1,12
commons-io2.4 (3-Apr-2019 4:51:19 PM)/commons-io/src/main/java,org.apache.commons.io.input,ClassLoaderObjectInputStream,9,45,1,3,3,10,1,4,0,3
commons-io2.4 (3-Apr-2019 4:51:19 PM)/commons-io/src/main/java,org.apache.commons.io.input,ClosedInputStream,0,10,0,0,0,3,0,3,0,3
commons-io2.4 (3-Apr-2019 4:51:19 PM)/commons-io/src/main/java,org.apache.commons.io.input,ProxyReader,102,51,4,2,38,16,11,6,8,6
commons-io2.4 (3-Apr-2019 4:51:19 PM)/commons-io/src/main/java,org.apache.commons.io.input,CountingInputStream,0,84,0,6,0,20,0,10,0,7
commons-io2.4 (3-Apr-2019 4:51:19 PM)/commons-io/src/main/java,org.apache.commons.io.input,CharSequenceInputStream,50,202,9,29,8,56,11,22,3,11
commons-io2.4 (3-Apr-2019 4:51:19 PM)/commons-io/src/main/java,org.apache.commons.io.input,BOMInputStream,0,348,0,56,0,73,0,46,0,18
commons-io2.4 (3-Apr-2019 4:51:19 PM)/commons-io/src/main/java,org.apache.commons.io.input,DemuxInputStream,12,29,3,1,5,8,3,3,1,3
commons-io2.4 (3-Apr-2019 4:51:19 PM)/commons-io/src/main/java,org.apache.commons.io.input,XmlStreamReaderException,0,43,0,0,0,14,0,7,0,7
commons-io2.4 (3-Apr-2019 4:51:19 PM)/commons-io/src/main/java,org.apache.commons.io.input,TaggedInputStream,0,24,0,0,0,7,0,4,0,4
commons-io2.4 (3-Apr-2019 4:51:19 PM)/commons-io/src/main/java,org.apache.commons.io.input,NullReader,5,252,0,26,2,63,2,26,2,13
commons-io2.4 (3-Apr-2019 4:51:19 PM)/commons-io/src/main/java,org.apache.commons.io.input,AutoCloseInputStream,5,19,0,2,3,8,1,4,1,3
commons-io2.4 (3-Apr-2019 4:51:19 PM)/commons-io/src/main/java,org.apache.commons.io.input,BoundedInputStream,84,107,9,11,21,23,14,10,9,5
commons-io2.4 (3-Apr-2019 4:51:19 PM)/commons-io/src/main/java,org.apache.commons.io.input,XmlStreamReader,110,1264,12,148,28,197,14,90,5,19
commons-io2.4 (3-Apr-2019 4:51:19 PM)/commons-io/src/main/java,org.apache.commons.io.input,ReversedLinesFileReader,7,209,0,24,2,46,1,16,1,4
commons-io2.4 (3-Apr-2019 4:51:19 PM)/commons-io/src/main/java,org.apache.commons.io.input,CharSequenceReader,41,129,6,16,6,33,7,13,1,8
commons-io2.4 (3-Apr-2019 4:51:19 PM)/commons-io/src/main/java,org.apache.commons.io.input,ReaderInputStream,38,221,7,29,6,59,9,21,2,10
commons-io2.4 (3-Apr-2019 4:51:19 PM)/commons-io/src/main/java,org.apache.commons.io.input,TeeInputStream,10,60,2,6,5,18,2,8,1,5
commons-io2.4 (3-Apr-2019 4:51:19 PM)/commons-io/src/main/java,org.apache.commons.io.input,CloseShieldInputStream,0,10,0,0,0,4,0,2,0,2
commons-io2.4 (3-Apr-2019 4:51:19 PM)/commons-io/src/main/java,org.apache.commons.io.input,Tailer,77,310,2,33,18,91,10,25,8,9
commons-io2.4 (3-Apr-2019 4:51:19 PM)/commons-io/src/main/java,org.apache.commons.io.input,TailerListenerAdapter,8,0,0,0,6,0,6,0,6,0
commons-io2.4 (3-Apr-2019 4:51:19 PM)/commons-io/src/main/java,org.apache.commons.io.input,ReversedLinesFileReader.FilePart,49,285,5,39,7,58,5,22,0,5
commons-io2.4 (3-Apr-2019 4:51:19 PM)/commons-io/src/main/java,org.apache.commons.io.input,SwappedDataInputStream,4,97,1,5,1,26,1,18,0,16
commons-io2.4 (3-Apr-2019 4:51:19 PM)/commons-io/src/main/java,org.apache.commons.io.input,NullInputStream,7,271,1,29,3,68,3,28,2,14
commons-io2.4 (3-Apr-2019 4:51:19 PM)/commons-io/src/main/java,org.apache.commons.io.output,TaggedOutputStream,0,24,0,0,0,7,0,4,0,4
commons-io2.4 (3-Apr-2019 4:51:19 PM)/commons-io/src/main/java,org.apache.commons.io.output,DeferredFileOutputStream,0,138,0,12,0,41,0,16,0,10
commons-io2.4 (3-Apr-2019 4:51:19 PM)/commons-io/src/main/java,org.apache.commons.io.output,FileWriterWithEncoding,141,78,5,7,40,28,18,8,14,6
commons-io2.4 (3-Apr-2019 4:51:19 PM)/commons-io/src/main/java,org.apache.commons.io.output,StringBuilderWriter,1,78,2,4,1,24,3,12,1,11
commons-io2.4 (3-Apr-2019 4:51:19 PM)/commons-io/src/main/java,org.apache.commons.io.output,XmlStreamWriter,49,166,8,16,12,44,10,13,3,8
commons-io2.4 (3-Apr-2019 4:51:19 PM)/commons-io/src/main/java,org.apache.commons.io.output,ThresholdingOutputStream,28,81,0,6,10,22,4,10,4,7
commons-io2.4 (3-Apr-2019 4:51:19 PM)/commons-io/src/main/java,org.apache.commons.io.output,NullOutputStream,0,11,0,0,0,5,0,5,0,5
commons-io2.4 (3-Apr-2019 4:51:19 PM)/commons-io/src/main/java,org.apache.commons.io.output,ProxyWriter,98,93,0,6,32,38,6,11,6,8
commons-io2.4 (3-Apr-2019 4:51:19 PM)/commons-io/src/main/java,org.apache.commons.io.output,ProxyOutputStream,17,66,0,2,5,27,0,10,0,9
commons-io2.4 (3-Apr-2019 4:51:19 PM)/commons-io/src/main/java,org.apache.commons.io.output,CountingOutputStream,0,72,0,4,0,17,0,8,0,6
commons-io2.4 (3-Apr-2019 4:51:19 PM)/commons-io/src/main/java,org.apache.commons.io.output,ClosedOutputStream,0,21,0,0,0,3,0,3,0,3
commons-io2.4 (3-Apr-2019 4:51:19 PM)/commons-io/src/main/java,org.apache.commons.io.output,CloseShieldOutputStream,0,10,0,0,0,4,0,2,0,2
commons-io2.4 (3-Apr-2019 4:51:19 PM)/commons-io/src/main/java,org.apache.commons.io.output,DemuxOutputStream,20,30,5,1,8,9,5,3,2,3
commons-io2.4 (3-Apr-2019 4:51:19 PM)/commons-io/src/main/java,org.apache.commons.io.output,TeeOutputStream,0,48,0,0,0,19,0,6,0,6
commons-io2.4 (3-Apr-2019 4:51:19 PM)/commons-io/src/main/java,org.apache.commons.io.output,NullWriter,4,17,0,0,2,11,2,10,2,10
commons-io2.4 (3-Apr-2019 4:51:19 PM)/commons-io/src/main/java,org.apache.commons.io.output,WriterOutputStream,26,163,2,8,7,51,5,14,3,11
commons-io2.4 (3-Apr-2019 4:51:19 PM)/commons-io/src/main/java,org.apache.commons.io.output,BrokenOutputStream,7,15,0,0,2,6,1,4,1,4
commons-io2.4 (3-Apr-2019 4:51:19 PM)/commons-io/src/main/java,org.apache.commons.io.output,ByteArrayOutputStream,19,454,10,34,4,108,10,28,0,16
commons-io2.4 (3-Apr-2019 4:51:19 PM)/commons-io/src/main/java,org.apache.commons.io.output,LockableFileWriter,138,142,7,9,43,39,18,10,13,7
commons-io2.4 (3-Apr-2019 4:51:19 PM)/commons-io/src/main/java,org.apache.commons.io,EndianUtils,0,819,0,4,0,121,0,33,0,31
commons-io2.4 (3-Apr-2019 4:51:19 PM)/commons-io/src/main/java,org.apache.commons.io,Charsets,3,32,0,4,1,8,1,5,1,3
commons-io2.4 (3-Apr-2019 4:51:19 PM)/commons-io/src/main/java,org.apache.commons.io,FileSystemUtils,139,587,32,61,30,132,22,40,2,12
commons-io2.4 (3-Apr-2019 4:51:19 PM)/commons-io/src/main/java,org.apache.commons.io,FileCleaningTracker.Reaper,0,50,0,6,0,13,0,5,0,2
commons-io2.4 (3-Apr-2019 4:51:19 PM)/commons-io/src/main/java,org.apache.commons.io,HexDump,3,292,0,24,2,47,1,16,1,4
commons-io2.4 (3-Apr-2019 4:51:19 PM)/commons-io/src/main/java,org.apache.commons.io,LineIterator,0,106,0,16,0,38,0,16,0,8
commons-io2.4 (3-Apr-2019 4:51:19 PM)/commons-io/src/main/java,org.apache.commons.io,IOCase,1,189,1,31,0,35,1,28,0,13
commons-io2.4 (3-Apr-2019 4:51:19 PM)/commons-io/src/main/java,org.apache.commons.io,CopyUtils,0,132,0,4,0,40,0,13,0,11
commons-io2.4 (3-Apr-2019 4:51:19 PM)/commons-io/src/main/java,org.apache.commons.io,ThreadMonitor,0,53,0,4,0,19,0,7,0,5
commons-io2.4 (3-Apr-2019 4:51:19 PM)/commons-io/src/main/java,org.apache.commons.io,DirectoryWalker,1,220,0,26,1,58,1,28,1,15
commons-io2.4 (3-Apr-2019 4:51:19 PM)/commons-io/src/main/java,org.apache.commons.io,TaggedIOException,3,37,1,7,1,10,2,7,1,4
commons-io2.4 (3-Apr-2019 4:51:19 PM)/commons-io/src/main/java,org.apache.commons.io,FileCleaningTracker,3,117,1,9,1,30,2,12,1,8
commons-io2.4 (3-Apr-2019 4:51:19 PM)/commons-io/src/main/java,org.apache.commons.io,FileUtils,515,2541,76,332,83,614,74,237,4,103
commons-io2.4 (3-Apr-2019 4:51:19 PM)/commons-io/src/main/java,org.apache.commons.io,IOUtils,92,1271,15,147,24,326,24,163,11,95
commons-io2.4 (3-Apr-2019 4:51:19 PM)/commons-io/src/main/java,org.apache.commons.io,FileCleaner,31,7,0,0,12,2,7,2,7,2
commons-io2.4 (3-Apr-2019 4:51:19 PM)/commons-io/src/main/java,org.apache.commons.io,FileExistsException,15,4,0,0,4,2,2,1,2,1
commons-io2.4 (3-Apr-2019 4:51:19 PM)/commons-io/src/main/java,org.apache.commons.io,FileDeleteStrategy.ForceFileDeleteStrategy,0,8,0,0,0,4,0,2,0,2
commons-io2.4 (3-Apr-2019 4:51:19 PM)/commons-io/src/main/java,org.apache.commons.io,FileCleaningTracker.Tracker,0,27,0,2,0,6,0,4,0,3
commons-io2.4 (3-Apr-2019 4:51:19 PM)/commons-io/src/main/java,org.apache.commons.io,FilenameUtils,21,1289,11,291,8,303,12,179,1,39
commons-io2.4 (3-Apr-2019 4:51:19 PM)/commons-io/src/main/java,org.apache.commons.io,IOExceptionWithCause,2,19,1,1,0,6,1,2,0,2
commons-io2.4 (3-Apr-2019 4:51:19 PM)/commons-io/src/main/java,org.apache.commons.io,ByteOrderMark,0,295,0,24,0,46,0,21,0,9
commons-io2.4 (3-Apr-2019 4:51:19 PM)/commons-io/src/main/java,org.apache.commons.io,DirectoryWalker.CancelException,0,22,0,0,0,8,0,4,0,4
commons-io2.4 (3-Apr-2019 4:51:19 PM)/commons-io/src/main/java,org.apache.commons.io,FileDeleteStrategy,3,60,0,8,2,13,0,10,0,6
commons-io2.4 (3-Apr-2019 4:51:19 PM)/commons-io/src/main/java,org.apache.commons.io.filefilter,EmptyFileFilter,0,37,1,7,0,8,1,6,0,3
commons-io2.4 (3-Apr-2019 4:51:19 PM)/commons-io/src/main/java,org.apache.commons.io.filefilter,RegexFileFilter,0,72,2,10,0,24,2,9,0,5
commons-io2.4 (3-Apr-2019 4:51:19 PM)/commons-io/src/main/java,org.apache.commons.io.filefilter,OrFileFilter,2,164,3,19,0,42,3,18,0,10
commons-io2.4 (3-Apr-2019 4:51:19 PM)/commons-io/src/main/java,org.apache.commons.io.filefilter,FalseFileFilter,0,14,0,0,0,6,0,4,0,4
commons-io2.4 (3-Apr-2019 4:51:19 PM)/commons-io/src/main/java,org.apache.commons.io.filefilter,NotFileFilter,0,48,0,6,0,8,0,7,0,4
commons-io2.4 (3-Apr-2019 4:51:19 PM)/commons-io/src/main/java,org.apache.commons.io.filefilter,AbstractFileFilter,0,22,0,0,0,4,0,4,0,4
commons-io2.4 (3-Apr-2019 4:51:19 PM)/commons-io/src/main/java,org.apache.commons.io.filefilter,CanReadFileFilter,0,22,0,0,0,7,0,3,0,3
commons-io2.4 (3-Apr-2019 4:51:19 PM)/commons-io/src/main/java,org.apache.commons.io.filefilter,PrefixFileFilter,6,191,4,22,0,44,4,18,0,9
commons-io2.4 (3-Apr-2019 4:51:19 PM)/commons-io/src/main/java,org.apache.commons.io.filefilter,CanWriteFileFilter,0,16,0,0,0,5,0,3,0,3
commons-io2.4 (3-Apr-2019 4:51:19 PM)/commons-io/src/main/java,org.apache.commons.io.filefilter,NameFileFilter,1,196,2,24,0,44,2,20,0,9
commons-io2.4 (3-Apr-2019 4:51:19 PM)/commons-io/src/main/java,org.apache.commons.io.filefilter,MagicNumberFileFilter,1,168,2,18,1,43,2,14,0,6
commons-io2.4 (3-Apr-2019 4:51:19 PM)/commons-io/src/main/java,org.apache.commons.io.filefilter,WildcardFilter,4,122,2,18,2,26,2,13,0,5
commons-io2.4 (3-Apr-2019 4:51:19 PM)/commons-io/src/main/java,org.apache.commons.io.filefilter,AndFileFilter,11,167,2,24,3,43,3,20,1,9
commons-io2.4 (3-Apr-2019 4:51:19 PM)/commons-io/src/main/java,org.apache.commons.io.filefilter,HiddenFileFilter,0,16,0,0,0,5,0,3,0,3
commons-io2.4 (3-Apr-2019 4:51:19 PM)/commons-io/src/main/java,org.apache.commons.io.filefilter,FileFileFilter,0,11,0,0,0,4,0,3,0,3
commons-io2.4 (3-Apr-2019 4:51:19 PM)/commons-io/src/main/java,org.apache.commons.io.filefilter,WildcardFileFilter,1,196,2,24,0,44,2,20,0,9
commons-io2.4 (3-Apr-2019 4:51:19 PM)/commons-io/src/main/java,org.apache.commons.io.filefilter,FileFilterUtils,17,414,1,33,3,83,3,58,2,42
commons-io2.4 (3-Apr-2019 4:51:19 PM)/commons-io/src/main/java,org.apache.commons.io.filefilter,SuffixFileFilter,6,191,4,22,0,44,4,18,0,9
commons-io2.4 (3-Apr-2019 4:51:19 PM)/commons-io/src/main/java,org.apache.commons.io.filefilter,DelegateFileFilter,5,78,1,9,1,19,1,9,0,5
commons-io2.4 (3-Apr-2019 4:51:19 PM)/commons-io/src/main/java,org.apache.commons.io.filefilter,SizeFileFilter,0,68,0,10,0,12,0,9,0,4
commons-io2.4 (3-Apr-2019 4:51:19 PM)/commons-io/src/main/java,org.apache.commons.io.filefilter,TrueFileFilter,0,14,0,0,0,6,0,4,0,4
commons-io2.4 (3-Apr-2019 4:51:19 PM)/commons-io/src/main/java,org.apache.commons.io.filefilter,DirectoryFileFilter,0,13,0,0,0,5,0,3,0,3
commons-io2.4 (3-Apr-2019 4:51:19 PM)/commons-io/src/main/java,org.apache.commons.io.filefilter,AgeFileFilter,0,76,0,6,0,18,0,11,0,8
commons-io2.4 (3-Apr-2019 4:51:19 PM)/commons-io/src/main/java,org.apache.commons.io.comparator,LastModifiedFileComparator,0,33,0,4,0,9,0,5,0,3
commons-io2.4 (3-Apr-2019 4:51:19 PM)/commons-io/src/main/java,org.apache.commons.io.comparator,ExtensionFileComparator,0,75,0,2,0,18,0,6,0,5
commons-io2.4 (3-Apr-2019 4:51:19 PM)/commons-io/src/main/java,org.apache.commons.io.comparator,ReverseComparator,5,30,1,1,1,6,1,3,0,3
commons-io2.4 (3-Apr-2019 4:51:19 PM)/commons-io/src/main/java,org.apache.commons.io.comparator,PathFileComparator,0,69,0,2,0,14,0,6,0,5
commons-io2.4 (3-Apr-2019 4:51:19 PM)/commons-io/src/main/java,org.apache.commons.io.comparator,DefaultFileComparator,0,17,0,0,0,4,0,3,0,3
commons-io2.4 (3-Apr-2019 4:51:19 PM)/commons-io/src/main/java,org.apache.commons.io.comparator,CompositeFileComparator,0,133,0,14,0,32,0,12,0,5
commons-io2.4 (3-Apr-2019 4:51:19 PM)/commons-io/src/main/java,org.apache.commons.io.comparator,DirectoryFileComparator,0,28,0,2,0,7,0,5,0,4
commons-io2.4 (3-Apr-2019 4:51:19 PM)/commons-io/src/main/java,org.apache.commons.io.comparator,NameFileComparator,0,69,0,2,0,14,0,6,0,5
commons-io2.4 (3-Apr-2019 4:51:19 PM)/commons-io/src/main/java,org.apache.commons.io.comparator,AbstractFileComparator,0,21,0,4,0,8,0,6,0,4
commons-io2.4 (3-Apr-2019 4:51:19 PM)/commons-io/src/main/java,org.apache.commons.io.comparator,SizeFileComparator,0,105,2,14,0,27,2,11,0,5
commons-io2.4 (3-Apr-2019 4:51:19 PM)/commons-io/src/test/java,org.apache.commons.io.monitor,FileAlterationObserverTestCase,47,1235,0,0,6,251,0,10,0,10
commons-io2.4 (3-Apr-2019 4:51:19 PM)/commons-io/src/test/java,org.apache.commons.io.monitor,FileAlterationMonitorTestCase,42,279,1,3,8,72,1,8,0,7
commons-io2.4 (3-Apr-2019 4:51:19 PM)/commons-io/src/test/java,org.apache.commons.io.monitor,CollectionFileListener,0,116,0,2,0,38,0,17,0,16
commons-io2.4 (3-Apr-2019 4:51:19 PM)/commons-io/src/test/java,org.apache.commons.io.monitor,AbstractMonitorTestCase,27,308,1,5,4,52,1,10,0,8
commons-io2.4 (3-Apr-2019 4:51:19 PM)/commons-io/src/test/java,org.apache.commons.io.input,CountingInputStreamTest,12,381,0,0,4,102,0,11,0,11
commons-io2.4 (3-Apr-2019 4:51:19 PM)/commons-io/src/test/java,org.apache.commons.io.input,NullInputStreamTest.TestNullInputStream,0,39,0,2,0,9,0,5,0,4
commons-io2.4 (3-Apr-2019 4:51:19 PM)/commons-io/src/test/java,org.apache.commons.io.input,XmlStreamReaderUtilitiesTest,40,1127,0,0,8,198,0,24,0,24
commons-io2.4 (3-Apr-2019 4:51:19 PM)/commons-io/src/test/java,org.apache.commons.io.input,TeeInputStreamTest,0,239,0,0,0,48,0,9,0,9
commons-io2.4 (3-Apr-2019 4:51:19 PM)/commons-io/src/test/java,org.apache.commons.io.input,TailerTest,4,842,3,19,0,190,3,20,0,12
commons-io2.4 (3-Apr-2019 4:51:19 PM)/commons-io/src/test/java,org.apache.commons.io.input,CharSequenceInputStreamTest,4,382,4,14,0,83,4,20,0,15
commons-io2.4 (3-Apr-2019 4:51:19 PM)/commons-io/src/test/java,org.apache.commons.io.input,TaggedInputStreamTest,47,178,0,0,16,50,0,5,0,5
commons-io2.4 (3-Apr-2019 4:51:19 PM)/commons-io/src/test/java,org.apache.commons.io.input,ReversedLinesFileReaderTestSimple,12,59,0,0,4,13,0,5,0,5
commons-io2.4 (3-Apr-2019 4:51:19 PM)/commons-io/src/test/java,org.apache.commons.io.input,XmlStreamReaderTest,101,1211,7,23,19,241,7,35,1,26
commons-io2.4 (3-Apr-2019 4:51:19 PM)/commons-io/src/test/java,org.apache.commons.io.input,ReversedLinesFileReaderTestParamBlockSize,14,438,1,7,4,73,1,22,0,19
commons-io2.4 (3-Apr-2019 4:51:19 PM)/commons-io/src/test/java,org.apache.commons.io.input,BOMInputStreamTest.ExpectCloseInputStream,2,8,0,0,1,4,1,2,1,2
commons-io2.4 (3-Apr-2019 4:51:19 PM)/commons-io/src/test/java,org.apache.commons.io.input,CloseShieldInputStreamTest,0,61,0,0,0,11,0,3,0,3
commons-io2.4 (3-Apr-2019 4:51:19 PM)/commons-io/src/test/java,org.apache.commons.io.input,CloseShieldInputStreamTest.new ByteArrayInputStream() {...},5,7,0,0,2,1,1,1,1,1
commons-io2.4 (3-Apr-2019 4:51:19 PM)/commons-io/src/test/java,org.apache.commons.io.input,SwappedDataInputStreamTest,14,189,0,2,4,55,0,18,0,17
commons-io2.4 (3-Apr-2019 4:51:19 PM)/commons-io/src/test/java,org.apache.commons.io.input,ProxyReaderTest.CustomNullReader,6,15,2,2,0,4,2,3,0,3
commons-io2.4 (3-Apr-2019 4:51:19 PM)/commons-io/src/test/java,org.apache.commons.io.input,CharSequenceReaderTest,0,386,0,4,0,67,0,13,0,11
commons-io2.4 (3-Apr-2019 4:51:19 PM)/commons-io/src/test/java,org.apache.commons.io.input,ReversedLinesFileReaderTestParamFile,2,291,0,6,0,35,0,7,0,4
commons-io2.4 (3-Apr-2019 4:51:19 PM)/commons-io/src/test/java,org.apache.commons.io.input,XmlStreamReaderUtilitiesTest.MockXmlStreamReader,0,11,0,0,0,2,0,1,0,1
commons-io2.4 (3-Apr-2019 4:51:19 PM)/commons-io/src/test/java,org.apache.commons.io.input,ReaderInputStreamTest,4,303,4,14,0,66,4,17,0,12
commons-io2.4 (3-Apr-2019 4:51:19 PM)/commons-io/src/test/java,org.apache.commons.io.input,NullReaderTest.TestNullReader,0,39,0,2,0,9,0,5,0,4
commons-io2.4 (3-Apr-2019 4:51:19 PM)/commons-io/src/test/java,org.apache.commons.io.input,NullInputStreamTest,71,375,0,14,16,88,0,16,0,9
commons-io2.4 (3-Apr-2019 4:51:19 PM)/commons-io/src/test/java,org.apache.commons.io.input,BoundedInputStreamTest,0,267,0,8,0,36,0,8,0,4
commons-io2.4 (3-Apr-2019 4:51:19 PM)/commons-io/src/test/java,org.apache.commons.io.input,ClassLoaderObjectInputStreamTest,2,84,1,1,0,21,1,3,0,3
commons-io2.4 (3-Apr-2019 4:51:19 PM)/commons-io/src/test/java,org.apache.commons.io.input,AutoCloseInputStreamTest.new ByteArrayInputStream() {...},0,12,0,0,0,3,0,2,0,2
commons-io2.4 (3-Apr-2019 4:51:19 PM)/commons-io/src/test/java,org.apache.commons.io.input,AutoCloseInputStreamTest,0,222,0,10,0,37,0,11,0,6
commons-io2.4 (3-Apr-2019 4:51:19 PM)/commons-io/src/test/java,org.apache.commons.io.input,BOMInputStreamTest,28,1293,0,6,5,238,0,37,0,34
commons-io2.4 (3-Apr-2019 4:51:19 PM)/commons-io/src/test/java,org.apache.commons.io.input,ProxyReaderTest,27,39,0,0,3,12,0,3,0,3
commons-io2.4 (3-Apr-2019 4:51:19 PM)/commons-io/src/test/java,org.apache.commons.io.input,NullReaderTest,71,350,0,14,16,85,0,16,0,9
commons-io2.4 (3-Apr-2019 4:51:19 PM)/commons-io/src/test/java,org.apache.commons.io.input,BrokenInputStreamTest,54,57,0,0,14,23,0,7,0,7
commons-io2.4 (3-Apr-2019 4:51:19 PM)/commons-io/src/test/java,org.apache.commons.io.input,ClosedInputStreamTest,0,11,0,0,0,3,0,2,0,2
commons-io2.4 (3-Apr-2019 4:51:19 PM)/commons-io/src/test/java,org.apache.commons.io.input,ProxyReaderTest.ProxyReaderImpl,0,4,0,0,0,2,0,1,0,1
commons-io2.4 (3-Apr-2019 4:51:19 PM)/commons-io/src/test/java,org.apache.commons.io.input,TailerTest.TestTailerListener,4,55,0,0,2,17,1,7,1,7
commons-io2.4 (3-Apr-2019 4:51:19 PM)/commons-io/src/test/java,org.apache.commons.io.output,ByteArrayOutputStreamTestCase,11,278,4,12,4,57,4,12,0,8
commons-io2.4 (3-Apr-2019 4:51:19 PM)/commons-io/src/test/java,org.apache.commons.io.output,StringBuilderWriterTest,9,293,0,0,1,68,0,14,0,14
commons-io2.4 (3-Apr-2019 4:51:19 PM)/commons-io/src/test/java,org.apache.commons.io.output,TeeOutputStreamTest.RecordCloseByteArrayOutputStream,0,6,0,0,0,3,0,1,0,1
commons-io2.4 (3-Apr-2019 4:51:19 PM)/commons-io/src/test/java,org.apache.commons.io.output,NullOutputStreamTest,0,36,0,0,0,12,0,2,0,2
commons-io2.4 (3-Apr-2019 4:51:19 PM)/commons-io/src/test/java,org.apache.commons.io.output,TaggedOutputStreamTest,43,141,0,0,15,42,0,4,0,4
commons-io2.4 (3-Apr-2019 4:51:19 PM)/commons-io/src/test/java,org.apache.commons.io.output,XmlStreamWriterTest,0,173,0,6,0,58,0,20,0,17
commons-io2.4 (3-Apr-2019 4:51:19 PM)/commons-io/src/test/java,org.apache.commons.io.output,ProxyOutputStreamTest,0,45,0,0,0,12,0,4,0,4
commons-io2.4 (3-Apr-2019 4:51:19 PM)/commons-io/src/test/java,org.apache.commons.io.output,CountingOutputStreamTest,12,194,0,10,4,41,0,9,0,4
commons-io2.4 (3-Apr-2019 4:51:19 PM)/commons-io/src/test/java,org.apache.commons.io.output,BrokenOutputStreamTest,37,45,0,0,10,17,0,5,0,5
commons-io2.4 (3-Apr-2019 4:51:19 PM)/commons-io/src/test/java,org.apache.commons.io.output,CloseShieldOutputStreamTest,7,45,0,0,2,12,0,3,0,3
commons-io2.4 (3-Apr-2019 4:51:19 PM)/commons-io/src/test/java,org.apache.commons.io.output,NullWriterTest,0,47,0,0,0,12,0,2,0,2
commons-io2.4 (3-Apr-2019 4:51:19 PM)/commons-io/src/test/java,org.apache.commons.io.output,WriterOutputStreamTest,0,215,0,6,0,58,0,19,0,16
commons-io2.4 (3-Apr-2019 4:51:19 PM)/commons-io/src/test/java,org.apache.commons.io.output,ClosedOutputStreamTest,8,5,0,0,2,3,0,2,0,2
commons-io2.4 (3-Apr-2019 4:51:19 PM)/commons-io/src/test/java,org.apache.commons.io.output,TeeOutputStreamTest,24,176,0,8,4,36,0,9,0,5
commons-io2.4 (3-Apr-2019 4:51:19 PM)/commons-io/src/test/java,org.apache.commons.io.output,ProxyWriterTest,90,174,0,0,10,48,0,9,0,9
commons-io2.4 (3-Apr-2019 4:51:19 PM)/commons-io/src/test/java,org.apache.commons.io.output,LockableFileWriterTest,61,335,0,0,14,103,0,10,0,10
commons-io2.4 (3-Apr-2019 4:51:19 PM)/commons-io/src/test/java,org.apache.commons.io.output,FileWriterWithEncodingTest,47,310,2,4,11,97,2,10,0,9
commons-io2.4 (3-Apr-2019 4:51:19 PM)/commons-io/src/test/java,org.apache.commons.io.output,DeferredFileOutputStreamTest,61,545,0,0,29,148,0,12,0,12
commons-io2.4 (3-Apr-2019 4:51:19 PM)/commons-io/src/test/java,org.apache.commons.io.output,TeeOutputStreamTest.ExceptionOnCloseByteArrayOutputStream,0,4,0,0,0,1,0,1,0,1
commons-io2.4 (3-Apr-2019 4:51:19 PM)/commons-io/src/test/java,org.apache.commons.io.output,ProxyOutputStreamTest.new ByteArrayOutputStream() {...},3,9,1,1,1,3,1,2,0,2
commons-io2.4 (3-Apr-2019 4:51:19 PM)/commons-io/src/test/java,org.apache.commons.io.output,CloseShieldOutputStreamTest.new ByteArrayOutputStream() {...},5,6,0,0,2,1,1,1,1,1
commons-io2.4 (3-Apr-2019 4:51:19 PM)/commons-io/src/test/java,org.apache.commons.io.testtools,YellOnFlushAndCloseOutputStream,16,23,3,1,5,10,3,3,1,3
commons-io2.4 (3-Apr-2019 4:51:19 PM)/commons-io/src/test/java,org.apache.commons.io.testtools,YellOnCloseInputStream,5,4,0,0,1,2,1,1,1,1
commons-io2.4 (3-Apr-2019 4:51:19 PM)/commons-io/src/test/java,org.apache.commons.io.testtools,FileBasedTestCase,68,366,7,25,12,83,7,23,0,14
commons-io2.4 (3-Apr-2019 4:51:19 PM)/commons-io/src/test/java,org.apache.commons.io,CopyUtilsTest,0,414,0,0,0,94,0,14,0,14
commons-io2.4 (3-Apr-2019 4:51:19 PM)/commons-io/src/test/java,org.apache.commons.io,HexDumpTest,16,829,0,42,4,141,0,25,0,4
commons-io2.4 (3-Apr-2019 4:51:19 PM)/commons-io/src/test/java,org.apache.commons.io,IOUtilsCopyTestCase,68,658,0,0,24,157,0,25,0,25
commons-io2.4 (3-Apr-2019 4:51:19 PM)/commons-io/src/test/java,org.apache.commons.io,ByteOrderMarkTestCase,55,327,0,0,8,53,0,11,0,11
commons-io2.4 (3-Apr-2019 4:51:19 PM)/commons-io/src/test/java,org.apache.commons.io,ThreadMonitorTestCase,28,41,0,0,6,21,0,4,0,4
commons-io2.4 (3-Apr-2019 4:51:19 PM)/commons-io/src/test/java,org.apache.commons.io,IOUtilsTestCase.new SelectorAdapter() {...},0,10,0,0,0,2,0,2,0,2
commons-io2.4 (3-Apr-2019 4:51:19 PM)/commons-io/src/test/java,org.apache.commons.io,DemuxTestCase.ReaderThread,3,54,0,2,2,15,0,4,0,3
commons-io2.4 (3-Apr-2019 4:51:19 PM)/commons-io/src/test/java,org.apache.commons.io,DirectoryWalkerTestCase.TestFileFinderString,4,22,0,0,1,8,0,3,0,3
commons-io2.4 (3-Apr-2019 4:51:19 PM)/commons-io/src/test/java,org.apache.commons.io,LineIteratorTestCase.new BufferedReader() {...},0,12,0,0,0,2,0,2,0,2
commons-io2.4 (3-Apr-2019 4:51:19 PM)/commons-io/src/test/java,org.apache.commons.io,DirectoryWalkerTestCaseJava4.TestFalseFileFinder,0,7,0,0,0,3,0,2,0,2
commons-io2.4 (3-Apr-2019 4:51:19 PM)/commons-io/src/test/java,org.apache.commons.io,IOUtilsTestCase.new Socket() {...},0,10,0,0,0,2,0,2,0,2
commons-io2.4 (3-Apr-2019 4:51:19 PM)/commons-io/src/test/java,org.apache.commons.io,DirectoryWalkerTestCaseJava4.TestFileFinder,4,32,0,0,1,12,0,5,0,5
commons-io2.4 (3-Apr-2019 4:51:19 PM)/commons-io/src/test/java,org.apache.commons.io,FileUtilsTestCase.new File() {...},0,10,0,0,0,2,0,2,0,2
commons-io2.4 (3-Apr-2019 4:51:19 PM)/commons-io/src/test/java,org.apache.commons.io,DemuxTestCase,0,237,0,4,0,57,0,12,0,10
commons-io2.4 (3-Apr-2019 4:51:19 PM)/commons-io/src/test/java,org.apache.commons.io,IOExceptionWithCauseTestCase,0,49,0,0,0,13,0,4,0,4
commons-io2.4 (3-Apr-2019 4:51:19 PM)/commons-io/src/test/java,org.apache.commons.io,FilenameUtilsWildcardTestCase,1,943,1,7,0,159,1,14,0,11
commons-io2.4 (3-Apr-2019 4:51:19 PM)/commons-io/src/test/java,org.apache.commons.io,DirectoryWalkerTestCaseJava4,150,788,1,13,20,142,1,28,0,22
commons-io2.4 (3-Apr-2019 4:51:19 PM)/commons-io/src/test/java,org.apache.commons.io,DirectoryWalkerTestCaseJava4.TestCancelWalker,5,57,0,6,1,17,0,8,0,5
commons-io2.4 (3-Apr-2019 4:51:19 PM)/commons-io/src/test/java,org.apache.commons.io,CharsetsTestCase,0,52,0,0,0,18,0,8,0,8
commons-io2.4 (3-Apr-2019 4:51:19 PM)/commons-io/src/test/java,org.apache.commons.io,LineIteratorTestCase.new LineIterator() {...},0,25,0,2,0,3,0,3,0,2
commons-io2.4 (3-Apr-2019 4:51:19 PM)/commons-io/src/test/java,org.apache.commons.io,FileUtilsTestCase.new File() {...},0,11,0,0,0,3,0,3,0,3
commons-io2.4 (3-Apr-2019 4:51:19 PM)/commons-io/src/test/java,org.apache.commons.io,FileCleaningTrackerTestCase,115,633,11,7,23,153,8,17,0,16
commons-io2.4 (3-Apr-2019 4:51:19 PM)/commons-io/src/test/java,org.apache.commons.io,IOUtilsTestCase,137,1865,2,6,33,545,2,72,0,70
commons-io2.4 (3-Apr-2019 4:51:19 PM)/commons-io/src/test/java,org.apache.commons.io,FileUtilsDirectoryContainsTestCase,36,285,0,0,5,66,0,13,0,13
commons-io2.4 (3-Apr-2019 4:51:19 PM)/commons-io/src/test/java,org.apache.commons.io,FileDeleteStrategyTestCase,10,186,0,0,4,61,0,8,0,8
commons-io2.4 (3-Apr-2019 4:51:19 PM)/commons-io/src/test/java,org.apache.commons.io,FileUtilsCleanSymlinksTestCase,428,58,7,7,97,21,8,10,1,10
commons-io2.4 (3-Apr-2019 4:51:19 PM)/commons-io/src/test/java,org.apache.commons.io,IOCaseTestCase,177,856,11,11,46,184,11,22,0,22
commons-io2.4 (3-Apr-2019 4:51:19 PM)/commons-io/src/test/java,org.apache.commons.io,FileUtilsWaitForTestCase,0,26,0,0,0,9,0,4,0,4
commons-io2.4 (3-Apr-2019 4:51:19 PM)/commons-io/src/test/java,org.apache.commons.io,FileUtilsListFilesTestCase,11,456,1,5,3,109,1,11,0,9
commons-io2.4 (3-Apr-2019 4:51:19 PM)/commons-io/src/test/java,org.apache.commons.io,FilenameUtilsTestCase,46,5165,2,2,12,736,2,34,0,34
commons-io2.4 (3-Apr-2019 4:51:19 PM)/commons-io/src/test/java,org.apache.commons.io,DirectoryWalkerTestCaseJava4.TestMultiThreadCancelWalker,5,63,0,6,1,20,0,9,0,6
commons-io2.4 (3-Apr-2019 4:51:19 PM)/commons-io/src/test/java,org.apache.commons.io,FileSystemUtilsTestCase,426,405,15,1,95,153,8,31,0,31
commons-io2.4 (3-Apr-2019 4:51:19 PM)/commons-io/src/test/java,org.apache.commons.io,FileSystemUtilsTestCase.new FileSystemUtils() {...},0,12,0,2,0,2,0,3,0,2
commons-io2.4 (3-Apr-2019 4:51:19 PM)/commons-io/src/test/java,org.apache.commons.io,DemuxTestCase.WriterThread,3,52,0,2,2,12,0,3,0,2
commons-io2.4 (3-Apr-2019 4:51:19 PM)/commons-io/src/test/java,org.apache.commons.io,IOUtilsTestCase.new ServerSocket() {...},0,10,0,0,0,2,0,2,0,2
commons-io2.4 (3-Apr-2019 4:51:19 PM)/commons-io/src/test/java,org.apache.commons.io,EndianUtilsTest,6,886,0,2,2,186,0,24,0,23
commons-io2.4 (3-Apr-2019 4:51:19 PM)/commons-io/src/test/java,org.apache.commons.io,IOUtilsWriteTestCase,86,1644,0,0,30,394,0,56,0,56
commons-io2.4 (3-Apr-2019 4:51:19 PM)/commons-io/src/test/java,org.apache.commons.io,FileUtilsTestCase.new File() {...},0,9,0,0,0,2,0,2,0,2
commons-io2.4 (3-Apr-2019 4:51:19 PM)/commons-io/src/test/java,org.apache.commons.io,LineIteratorTestCase,84,560,3,17,28,159,3,32,0,25
commons-io2.4 (3-Apr-2019 4:51:19 PM)/commons-io/src/test/java,org.apache.commons.io,IOUtilsTestCase.new Closeable() {...},0,10,0,0,0,2,0,2,0,2
commons-io2.4 (3-Apr-2019 4:51:19 PM)/commons-io/src/test/java,org.apache.commons.io,TaggedIOExceptionTest,0,34,0,0,0,9,0,2,0,2
commons-io2.4 (3-Apr-2019 4:51:19 PM)/commons-io/src/test/java,org.apache.commons.io,FileSystemUtilsTestCase.MockFileSystemUtils,0,36,0,2,0,10,0,4,0,3
commons-io2.4 (3-Apr-2019 4:51:19 PM)/commons-io/src/test/java,org.apache.commons.io,DirectoryWalkerTestCase.TestFileFinder,4,32,0,0,1,12,0,5,0,5
commons-io2.4 (3-Apr-2019 4:51:19 PM)/commons-io/src/test/java,org.apache.commons.io,DirectoryWalkerTestCase.TestFalseFileFinder,0,7,0,0,0,3,0,2,0,2
commons-io2.4 (3-Apr-2019 4:51:19 PM)/commons-io/src/test/java,org.apache.commons.io,DirectoryWalkerTestCase,150,863,1,15,20,143,1,29,0,22
commons-io2.4 (3-Apr-2019 4:51:19 PM)/commons-io/src/test/java,org.apache.commons.io,FileCleanerTestCase,0,6,0,0,0,3,0,2,0,2
commons-io2.4 (3-Apr-2019 4:51:19 PM)/commons-io/src/test/java,org.apache.commons.io,FileUtilsCleanDirectoryTestCase,65,163,9,3,14,42,6,10,0,10
commons-io2.4 (3-Apr-2019 4:51:19 PM)/commons-io/src/test/java,org.apache.commons.io,FileUtilsTestCase.ListDirectoryWalker,0,25,0,2,0,10,0,5,0,4
commons-io2.4 (3-Apr-2019 4:51:19 PM)/commons-io/src/test/java,org.apache.commons.io,DirectoryWalkerTestCase.TestMultiThreadCancelWalker,5,63,0,6,1,20,0,9,0,6
commons-io2.4 (3-Apr-2019 4:51:19 PM)/commons-io/src/test/java,org.apache.commons.io,SelectorAdapter,17,3,0,0,9,1,9,1,9,1
commons-io2.4 (3-Apr-2019 4:51:19 PM)/commons-io/src/test/java,org.apache.commons.io,FileUtilsFileNewerTestCase,33,156,2,2,8,35,2,9,0,9
commons-io2.4 (3-Apr-2019 4:51:19 PM)/commons-io/src/test/java,org.apache.commons.io,FileUtilsTestCase,745,5286,44,64,174,1288,45,144,1,134
commons-io2.4 (3-Apr-2019 4:51:19 PM)/commons-io/src/test/java,org.apache.commons.io,DirectoryWalkerTestCase.TestCancelWalker,5,57,0,6,1,17,0,8,0,5
commons-io2.4 (3-Apr-2019 4:51:19 PM)/commons-io/src/test/java,org.apache.commons.io,FileSystemUtilsTestCase.new FileSystemUtils() {...},0,8,0,0,0,2,0,2,0,2
commons-io2.4 (3-Apr-2019 4:51:19 PM)/commons-io/src/test/java,org.apache.commons.io.filefilter,FileFilterTestCase,337,3810,19,23,92,718,18,55,0,52
commons-io2.4 (3-Apr-2019 4:51:19 PM)/commons-io/src/test/java,org.apache.commons.io.filefilter,IOFileFilterAbstractTestCase.TesterTrueFileFilter,0,32,0,0,0,10,0,6,0,6
commons-io2.4 (3-Apr-2019 4:51:19 PM)/commons-io/src/test/java,org.apache.commons.io.filefilter,OrFileFilterTestCase,0,816,0,2,0,148,0,15,0,14
commons-io2.4 (3-Apr-2019 4:51:19 PM)/commons-io/src/test/java,org.apache.commons.io.filefilter,ConditionalFileFilterAbstractTestCase,2,481,1,11,0,89,1,12,0,7
commons-io2.4 (3-Apr-2019 4:51:19 PM)/commons-io/src/test/java,org.apache.commons.io.filefilter,AndFileFilterTestCase,0,828,0,2,0,148,0,15,0,14
commons-io2.4 (3-Apr-2019 4:51:19 PM)/commons-io/src/test/java,org.apache.commons.io.filefilter,RegexFileFilterTestCase,68,195,3,3,14,37,3,5,0,5
commons-io2.4 (3-Apr-2019 4:51:19 PM)/commons-io/src/test/java,org.apache.commons.io.filefilter,IOFileFilterAbstractTestCase,88,178,6,12,13,26,4,14,1,8
commons-io2.4 (3-Apr-2019 4:51:19 PM)/commons-io/src/test/java,org.apache.commons.io.filefilter,IOFileFilterAbstractTestCase.TesterFalseFileFilter,0,32,0,0,0,10,0,6,0,6
commons-io2.4 (3-Apr-2019 4:51:19 PM)/commons-io/src/test/java,org.apache.commons.io.input.compatibility,XmlStreamReaderException,0,25,0,0,0,6,0,3,0,3
commons-io2.4 (3-Apr-2019 4:51:19 PM)/commons-io/src/test/java,org.apache.commons.io.input.compatibility,XmlStreamReaderUtilitiesCompatibilityTest.MockXmlStreamReader,0,11,0,0,0,2,0,1,0,1
commons-io2.4 (3-Apr-2019 4:51:19 PM)/commons-io/src/test/java,org.apache.commons.io.input.compatibility,XmlStreamReader,462,865,84,132,117,187,66,69,13,14
commons-io2.4 (3-Apr-2019 4:51:19 PM)/commons-io/src/test/java,org.apache.commons.io.input.compatibility,XmlStreamReaderUtilitiesCompatibilityTest,0,32,0,0,0,8,0,3,0,3
commons-io2.4 (3-Apr-2019 4:51:19 PM)/commons-io/src/test/java,org.apache.commons.io.comparator,DefaultFileComparatorTest,0,38,0,0,0,10,0,2,0,2
commons-io2.4 (3-Apr-2019 4:51:19 PM)/commons-io/src/test/java,org.apache.commons.io.comparator,CompositeFileComparatorTest,2,186,2,2,0,34,2,5,0,5
commons-io2.4 (3-Apr-2019 4:51:19 PM)/commons-io/src/test/java,org.apache.commons.io.comparator,ExtensionFileComparatorTest,7,125,7,7,0,21,7,3,0,3
commons-io2.4 (3-Apr-2019 4:51:19 PM)/commons-io/src/test/java,org.apache.commons.io.comparator,DirectoryFileComparatorTest,0,49,0,0,0,13,0,4,0,4
commons-io2.4 (3-Apr-2019 4:51:19 PM)/commons-io/src/test/java,org.apache.commons.io.comparator,ComparatorAbstractTestCase,4,219,4,4,0,46,4,10,0,10
commons-io2.4 (3-Apr-2019 4:51:19 PM)/commons-io/src/test/java,org.apache.commons.io.comparator,NameFileComparatorTest,7,125,7,7,0,21,7,3,0,3
commons-io2.4 (3-Apr-2019 4:51:19 PM)/commons-io/src/test/java,org.apache.commons.io.comparator,LastModifiedFileComparatorTest,2,84,2,2,0,25,2,2,0,2
commons-io2.4 (3-Apr-2019 4:51:19 PM)/commons-io/src/test/java,org.apache.commons.io.comparator,SizeFileComparatorTest,1,141,1,1,0,29,1,4,0,4
commons-io2.4 (3-Apr-2019 4:51:19 PM)/commons-io/src/test/java,org.apache.commons.io.comparator,PathFileComparatorTest,7,125,7,7,0,21,7,3,0,3
